artist_id,ds,plays
f67f8584e121c09bc6f514ed02b876df,20150516,32913.2881192
f67f8584e121c09bc6f514ed02b876df,20150517,26101.84173
f67f8584e121c09bc6f514ed02b876df,20150518,22712.7751834
f67f8584e121c09bc6f514ed02b876df,20150519,20543.4829876
f67f8584e121c09bc6f514ed02b876df,20150520,18982.5828271
f67f8584e121c09bc6f514ed02b876df,20150521,17780.0893437
f67f8584e121c09bc6f514ed02b876df,20150522,16811.2120062
f67f8584e121c09bc6f514ed02b876df,20150523,16005.3885389
f67f8584e121c09bc6f514ed02b876df,20150524,15319.1381748
f67f8584e121c09bc6f514ed02b876df,20150525,14723.9220455
f67f8584e121c09bc6f514ed02b876df,20150526,14200.0791828
f67f8584e121c09bc6f514ed02b876df,20150527,13733.5350688
f67f8584e121c09bc6f514ed02b876df,20150528,13313.8953602
f67f8584e121c09bc6f514ed02b876df,20150529,12933.2827271
f67f8584e121c09bc6f514ed02b876df,20150530,12585.5959927
f67f8584e121c09bc6f514ed02b876df,20150531,12266.0209689
f67f8584e121c09bc6f514ed02b876df,20150601,11970.6974424
f67f8584e121c09bc6f514ed02b876df,20150602,11696.4864096
f67f8584e121c09bc6f514ed02b876df,20150603,11440.8036036
f67f8584e121c09bc6f514ed02b876df,20150604,11201.4980083
f67f8584e121c09bc6f514ed02b876df,20150605,10976.7616031
f67f8584e121c09bc6f514ed02b876df,20150606,10765.0612327
f67f8584e121c09bc6f514ed02b876df,20150607,10565.086437
f67f8584e121c09bc6f514ed02b876df,20150608,10375.7089821
f67f8584e121c09bc6f514ed02b876df,20150609,10195.9510983
f67f8584e121c09bc6f514ed02b876df,20150610,10024.960284
f67f8584e121c09bc6f514ed02b876df,20150611,9861.98912081
f67f8584e121c09bc6f514ed02b876df,20150612,9706.37895846
f67f8584e121c09bc6f514ed02b876df,20150613,9557.54661651
f67f8584e121c09bc6f514ed02b876df,20150614,9414.97346271
f67f8584e121c09bc6f514ed02b876df,20150615,9278.19637853
f67f8584e121c09bc6f514ed02b876df,20150616,9146.80023656
f67f8584e121c09bc6f514ed02b876df,20150617,9020.41159772
f67f8584e121c09bc6f514ed02b876df,20150618,8898.69340023
f67f8584e121c09bc6f514ed02b876df,20150619,8781.34045973
f67f8584e121c09bc6f514ed02b876df,20150620,8668.07563756
f67f8584e121c09bc6f514ed02b876df,20150621,8558.64656213
f67f8584e121c09bc6f514ed02b876df,20150622,8452.82281113
f67f8584e121c09bc6f514ed02b876df,20150623,8350.39347926
f67f8584e121c09bc6f514ed02b876df,20150624,8251.16507054
f67f8584e121c09bc6f514ed02b876df,20150625,8154.95966472
f67f8584e121c09bc6f514ed02b876df,20150626,8061.61331652
f67f8584e121c09bc6f514ed02b876df,20150627,7970.97465328
f67f8584e121c09bc6f514ed02b876df,20150628,7882.90364245
f67f8584e121c09bc6f514ed02b876df,20150629,7797.27050495
f67f8584e121c09bc6f514ed02b876df,20150630,7713.95475436
f67f8584e121c09bc6f514ed02b876df,20150701,7632.84434491
f67f8584e121c09bc6f514ed02b876df,20150702,7553.834914
f67f8584e121c09bc6f514ed02b876df,20150703,7476.82910688
f67f8584e121c09bc6f514ed02b876df,20150704,7401.73597326
f67f8584e121c09bc6f514ed02b876df,20150705,7328.47042679
f67f8584e121c09bc6f514ed02b876df,20150706,7256.95275985
f67f8584e121c09bc6f514ed02b876df,20150707,7187.10820696
f67f8584e121c09bc6f514ed02b876df,20150708,7118.86655115
f67f8584e121c09bc6f514ed02b876df,20150709,7052.16176842
f67f8584e121c09bc6f514ed02b876df,20150710,6986.93170585
f67f8584e121c09bc6f514ed02b876df,20150711,6923.11778977
f67f8584e121c09bc6f514ed02b876df,20150712,6860.66476056
f67f8584e121c09bc6f514ed02b876df,20150713,6799.5204314
f67f8584e121c09bc6f514ed02b876df,20150714,6739.63546831
f67f8584e121c09bc6f514ed02b876df,20150715,6680.96318934
f67f8584e121c09bc6f514ed02b876df,20150716,6623.45938093
f67f8584e121c09bc6f514ed02b876df,20150717,6567.08212976
f67f8584e121c09bc6f514ed02b876df,20150718,6511.79166852
f67f8584e121c09bc6f514ed02b876df,20150719,6457.55023425
f67f8584e121c09bc6f514ed02b876df,20150720,6404.32193806
f67f8584e121c09bc6f514ed02b876df,20150721,6352.07264519
f67f8584e121c09bc6f514ed02b876df,20150722,6300.7698644
f67f8584e121c09bc6f514ed02b876df,20150723,6250.38264582
f67f8584e121c09bc6f514ed02b876df,20150724,6200.88148658
f67f8584e121c09bc6f514ed02b876df,20150725,6152.2382435
f67f8584e121c09bc6f514ed02b876df,20150726,6104.4260521
f67f8584e121c09bc6f514ed02b876df,20150727,6057.4192516
f67f8584e121c09bc6f514ed02b876df,20150728,6011.19331523
f67f8584e121c09bc6f514ed02b876df,20150729,5965.72478546
f67f8584e121c09bc6f514ed02b876df,20150730,5920.99121379
f67f8584e121c09bc6f514ed02b876df,20150731,5876.97110458
f67f8584e121c09bc6f514ed02b876df,20150801,5833.64386279
f67f8584e121c09bc6f514ed02b876df,20150802,5790.98974519
f67f8584e121c09bc6f514ed02b876df,20150803,5748.98981476
f67f8584e121c09bc6f514ed02b876df,20150804,5707.62589811
f67f8584e121c09bc6f514ed02b876df,20150805,5666.88054566
f67f8584e121c09bc6f514ed02b876df,20150806,5626.73699429
f67f8584e121c09bc6f514ed02b876df,20150807,5587.17913241
f67f8584e121c09bc6f514ed02b876df,20150808,5548.19146717
f67f8584e121c09bc6f514ed02b876df,20150809,5509.75909369
f67f8584e121c09bc6f514ed02b876df,20150810,5471.86766616
f67f8584e121c09bc6f514ed02b876df,20150811,5434.50337069
f67f8584e121c09bc6f514ed02b876df,20150812,5397.65289976
f67f8584e121c09bc6f514ed02b876df,20150813,5361.30342815
f67f8584e121c09bc6f514ed02b876df,20150814,5325.4425903
f67f8584e121c09bc6f514ed02b876df,20150815,5290.058459
f67f8584e121c09bc6f514ed02b876df,20150816,5255.13952515
f67f8584e121c09bc6f514ed02b876df,20150817,5220.67467888
f67f8584e121c09bc6f514ed02b876df,20150818,5186.6531915
f67f8584e121c09bc6f514ed02b876df,20150819,5153.06469859
f67f8584e121c09bc6f514ed02b876df,20150820,5119.89918394
f67f8584e121c09bc6f514ed02b876df,20150821,5087.14696438
f67f8584e121c09bc6f514ed02b876df,20150822,5054.79867544
f67f8584e121c09bc6f514ed02b876df,20150823,5022.84525771
f67f8584e121c09bc6f514ed02b876df,20150824,4991.27794394
f67f8584e121c09bc6f514ed02b876df,20150825,4960.08824685
f67f8584e121c09bc6f514ed02b876df,20150826,4929.26794749
f67f8584e121c09bc6f514ed02b876df,20150827,4898.80908428
f67f8584e121c09bc6f514ed02b876df,20150828,4868.70394246
f67f8584e121c09bc6f514ed02b876df,20150829,4838.94504427
f67f8584e121c09bc6f514ed02b876df,20150830,4809.52513939
f67f8584e121c09bc6f514ed02b876df,20150831,4780.43719603
f67f8584e121c09bc6f514ed02b876df,20150901,4751.67439234
f67f8584e121c09bc6f514ed02b876df,20150902,4723.23010829
f67f8584e121c09bc6f514ed02b876df,20150903,4695.0979179
f67f8584e121c09bc6f514ed02b876df,20150904,4667.27158185
f67f8584e121c09bc6f514ed02b876df,20150905,4639.74504044
f67f8584e121c09bc6f514ed02b876df,20150906,4612.5124069
f67f8584e121c09bc6f514ed02b876df,20150907,4585.56796091
f67f8584e121c09bc6f514ed02b876df,20150908,4558.90614256
f67f8584e121c09bc6f514ed02b876df,20150909,4532.52154645
f67f8584e121c09bc6f514ed02b876df,20150910,4506.40891614
f67f8584e121c09bc6f514ed02b876df,20150911,4480.56313878
f67f8584e121c09bc6f514ed02b876df,20150912,4454.97924006
f67f8584e121c09bc6f514ed02b876df,20150913,4429.65237928
f67f8584e121c09bc6f514ed02b876df,20150914,4404.57784473
f67f8584e121c09bc6f514ed02b876df,20150915,4379.75104916
f67f8584e121c09bc6f514ed02b876df,20150916,4355.16752559
f67f8584e121c09bc6f514ed02b876df,20150917,4330.82292312
f67f8584e121c09bc6f514ed02b876df,20150918,4306.71300306
f67f8584e121c09bc6f514ed02b876df,20150919,4282.83363517
f67f8584e121c09bc6f514ed02b876df,20150920,4259.18079401
f67f8584e121c09bc6f514ed02b876df,20150921,4235.75055552
f67f8584e121c09bc6f514ed02b876df,20150922,4212.53909368
f67f8584e121c09bc6f514ed02b876df,20150923,4189.54267732
f67f8584e121c09bc6f514ed02b876df,20150924,4166.75766707
f67f8584e121c09bc6f514ed02b876df,20150925,4144.18051242
f67f8584e121c09bc6f514ed02b876df,20150926,4121.8077489
f67f8584e121c09bc6f514ed02b876df,20150927,4099.63599534
f67f8584e121c09bc6f514ed02b876df,20150928,4077.6619513
f67f8584e121c09bc6f514ed02b876df,20150929,4055.88239454
f67f8584e121c09bc6f514ed02b876df,20150930,4034.29417861
f67f8584e121c09bc6f514ed02b876df,20151001,4012.89423055
f67f8584e121c09bc6f514ed02b876df,20151002,3991.6795486
f67f8584e121c09bc6f514ed02b876df,20151003,3970.64720012
f67f8584e121c09bc6f514ed02b876df,20151004,3949.79431948
f67f8584e121c09bc6f514ed02b876df,20151005,3929.11810608
f67f8584e121c09bc6f514ed02b876df,20151006,3908.6158224
f67f8584e121c09bc6f514ed02b876df,20151007,3888.28479219
f67f8584e121c09bc6f514ed02b876df,20151008,3868.12239866
f67f8584e121c09bc6f514ed02b876df,20151009,3848.12608277
f67f8584e121c09bc6f514ed02b876df,20151010,3828.29334155
f67f8584e121c09bc6f514ed02b876df,20151011,3808.62172653
f67f8584e121c09bc6f514ed02b876df,20151012,3789.10884218
f67f8584e121c09bc6f514ed02b876df,20151013,3769.7523444
f67f8584e121c09bc6f514ed02b876df,20151014,3750.54993911
f67f8584e121c09bc6f514ed02b876df,20151015,3731.49938085
f67f8584e121c09bc6f514ed02b876df,20151016,3712.59847143
f67f8584e121c09bc6f514ed02b876df,20151017,3693.84505866
f67f8584e121c09bc6f514ed02b876df,20151018,3675.23703503
f67f8584e121c09bc6f514ed02b876df,20151019,3656.77233659
f67f8584e121c09bc6f514ed02b876df,20151020,3638.44894172
f67f8584e121c09bc6f514ed02b876df,20151021,3620.26486999
f67f8584e121c09bc6f514ed02b876df,20151022,3602.21818111
f67f8584e121c09bc6f514ed02b876df,20151023,3584.30697385
f67f8584e121c09bc6f514ed02b876df,20151024,3566.529385
f67f8584e121c09bc6f514ed02b876df,20151025,3548.88358839
f67f8584e121c09bc6f514ed02b876df,20151026,3531.36779394
f67f8584e121c09bc6f514ed02b876df,20151027,3513.9802467
f67f8584e121c09bc6f514ed02b876df,20151028,3496.71922601
f67f8584e121c09bc6f514ed02b876df,20151029,3479.58304456
f67f8584e121c09bc6f514ed02b876df,20151030,3462.57004758
efbbfd2611307e97bd36298b2fce2a02,20150513,16970.8924265
efbbfd2611307e97bd36298b2fce2a02,20150514,13258.9713029
efbbfd2611307e97bd36298b2fce2a02,20150515,11412.0878387
efbbfd2611307e97bd36298b2fce2a02,20150516,10229.9245999
efbbfd2611307e97bd36298b2fce2a02,20150517,9379.30669198
efbbfd2611307e97bd36298b2fce2a02,20150518,8724.00373472
efbbfd2611307e97bd36298b2fce2a02,20150519,8196.01069921
efbbfd2611307e97bd36298b2fce2a02,20150520,7756.87443074
efbbfd2611307e97bd36298b2fce2a02,20150521,7382.8999359
efbbfd2611307e97bd36298b2fce2a02,20150522,7058.53486026
efbbfd2611307e97bd36298b2fce2a02,20150523,6773.06489158
efbbfd2611307e97bd36298b2fce2a02,20150524,6518.82007291
efbbfd2611307e97bd36298b2fce2a02,20150525,6290.13597123
efbbfd2611307e97bd36298b2fce2a02,20150526,6082.71980853
efbbfd2611307e97bd36298b2fce2a02,20150527,5893.24672747
efbbfd2611307e97bd36298b2fce2a02,20150528,5719.09321971
efbbfd2611307e97bd36298b2fce2a02,20150529,5558.1556488
efbbfd2611307e97bd36298b2fce2a02,20150530,5408.72340389
efbbfd2611307e97bd36298b2fce2a02,20150531,5269.38817989
efbbfd2611307e97bd36298b2fce2a02,20150601,5138.97777314
efbbfd2611307e97bd36298b2fce2a02,20150602,5016.5068966
efbbfd2611307e97bd36298b2fce2a02,20150603,4901.14005206
efbbfd2611307e97bd36298b2fce2a02,20150604,4792.16309975
efbbfd2611307e97bd36298b2fce2a02,20150605,4688.96120472
efbbfd2611307e97bd36298b2fce2a02,20150606,4591.00152805
efbbfd2611307e97bd36298b2fce2a02,20150607,4497.81949602
efbbfd2611307e97bd36298b2fce2a02,20150608,4409.00780046
efbbfd2611307e97bd36298b2fce2a02,20150609,4324.20750759
efbbfd2611307e97bd36298b2fce2a02,20150610,4243.10081125
efbbfd2611307e97bd36298b2fce2a02,20150611,4165.405081
efbbfd2611307e97bd36298b2fce2a02,20150612,4090.86793882
efbbfd2611307e97bd36298b2fce2a02,20150613,4019.26315959
efbbfd2611307e97bd36298b2fce2a02,20150614,3950.38723641
efbbfd2611307e97bd36298b2fce2a02,20150615,3884.05648628
efbbfd2611307e97bd36298b2fce2a02,20150616,3820.10459797
efbbfd2611307e97bd36298b2fce2a02,20150617,3758.38054379
efbbfd2611307e97bd36298b2fce2a02,20150618,3698.74679298
efbbfd2611307e97bd36298b2fce2a02,20150619,3641.07777612
efbbfd2611307e97bd36298b2fce2a02,20150620,3585.25855962
efbbfd2611307e97bd36298b2fce2a02,20150621,3531.1836972
efbbfd2611307e97bd36298b2fce2a02,20150622,3478.7562306
efbbfd2611307e97bd36298b2fce2a02,20150623,3427.88681728
efbbfd2611307e97bd36298b2fce2a02,20150624,3378.49296618
efbbfd2611307e97bd36298b2fce2a02,20150625,3330.49836609
efbbfd2611307e97bd36298b2fce2a02,20150626,3283.83229346
efbbfd2611307e97bd36298b2fce2a02,20150627,3238.42908878
efbbfd2611307e97bd36298b2fce2a02,20150628,3194.22769234
efbbfd2611307e97bd36298b2fce2a02,20150629,3151.17123138
efbbfd2611307e97bd36298b2fce2a02,20150630,3109.20665209
efbbfd2611307e97bd36298b2fce2a02,20150701,3068.28439079
efbbfd2611307e97bd36298b2fce2a02,20150702,3028.3580794
efbbfd2611307e97bd36298b2fce2a02,20150703,2989.38428097
efbbfd2611307e97bd36298b2fce2a02,20150704,2951.32225178
efbbfd2611307e97bd36298b2fce2a02,20150705,2914.13372688
efbbfd2611307e97bd36298b2fce2a02,20150706,2877.78272624
efbbfd2611307e97bd36298b2fce2a02,20150707,2842.23537942
efbbfd2611307e97bd36298b2fce2a02,20150708,2807.4597665
efbbfd2611307e97bd36298b2fce2a02,20150709,2773.42577355
efbbfd2611307e97bd36298b2fce2a02,20150710,2740.1049612
efbbfd2611307e97bd36298b2fce2a02,20150711,2707.47044471
efbbfd2611307e97bd36298b2fce2a02,20150712,2675.4967846
efbbfd2611307e97bd36298b2fce2a02,20150713,2644.15988655
efbbfd2611307e97bd36298b2fce2a02,20150714,2613.43690973
efbbfd2611307e97bd36298b2fce2a02,20150715,2583.30618282
efbbfd2611307e97bd36298b2fce2a02,20150716,2553.74712677
efbbfd2611307e97bd36298b2fce2a02,20150717,2524.74018379
efbbfd2611307e97bd36298b2fce2a02,20150718,2496.26675204
efbbfd2611307e97bd36298b2fce2a02,20150719,2468.3091253
efbbfd2611307e97bd36298b2fce2a02,20150720,2440.85043733
efbbfd2611307e97bd36298b2fce2a02,20150721,2413.87461045
efbbfd2611307e97bd36298b2fce2a02,20150722,2387.36630792
efbbfd2611307e97bd36298b2fce2a02,20150723,2361.31088987
efbbfd2611307e97bd36298b2fce2a02,20150724,2335.69437235
efbbfd2611307e97bd36298b2fce2a02,20150725,2310.50338943
efbbfd2611307e97bd36298b2fce2a02,20150726,2285.72515784
efbbfd2611307e97bd36298b2fce2a02,20150727,2261.34744419
efbbfd2611307e97bd36298b2fce2a02,20150728,2237.35853436
efbbfd2611307e97bd36298b2fce2a02,20150729,2213.74720502
efbbfd2611307e97bd36298b2fce2a02,20150730,2190.50269701
efbbfd2611307e97bd36298b2fce2a02,20150731,2167.61469055
efbbfd2611307e97bd36298b2fce2a02,20150801,2145.07328199
efbbfd2611307e97bd36298b2fce2a02,20150802,2122.86896211
efbbfd2611307e97bd36298b2fce2a02,20150803,2100.9925958
efbbfd2611307e97bd36298b2fce2a02,20150804,2079.43540299
efbbfd2611307e97bd36298b2fce2a02,20150805,2058.1889408
efbbfd2611307e97bd36298b2fce2a02,20150806,2037.24508676
efbbfd2611307e97bd36298b2fce2a02,20150807,2016.59602308
efbbfd2611307e97bd36298b2fce2a02,20150808,1996.23422183
efbbfd2611307e97bd36298b2fce2a02,20150809,1976.15243103
efbbfd2611307e97bd36298b2fce2a02,20150810,1956.34366152
efbbfd2611307e97bd36298b2fce2a02,20150811,1936.80117467
efbbfd2611307e97bd36298b2fce2a02,20150812,1917.51847069
efbbfd2611307e97bd36298b2fce2a02,20150813,1898.48927766
efbbfd2611307e97bd36298b2fce2a02,20150814,1879.70754121
efbbfd2611307e97bd36298b2fce2a02,20150815,1861.16741472
efbbfd2611307e97bd36298b2fce2a02,20150816,1842.86325005
efbbfd2611307e97bd36298b2fce2a02,20150817,1824.78958884
efbbfd2611307e97bd36298b2fce2a02,20150818,1806.94115421
efbbfd2611307e97bd36298b2fce2a02,20150819,1789.31284296
efbbfd2611307e97bd36298b2fce2a02,20150820,1771.89971812
efbbfd2611307e97bd36298b2fce2a02,20150821,1754.69700197
efbbfd2611307e97bd36298b2fce2a02,20150822,1737.70006933
efbbfd2611307e97bd36298b2fce2a02,20150823,1720.90444126
efbbfd2611307e97bd36298b2fce2a02,20150824,1704.30577905
efbbfd2611307e97bd36298b2fce2a02,20150825,1687.89987853
efbbfd2611307e97bd36298b2fce2a02,20150826,1671.68266467
efbbfd2611307e97bd36298b2fce2a02,20150827,1655.65018638
efbbfd2611307e97bd36298b2fce2a02,20150828,1639.79861166
efbbfd2611307e97bd36298b2fce2a02,20150829,1624.12422292
efbbfd2611307e97bd36298b2fce2a02,20150830,1608.62341255
efbbfd2611307e97bd36298b2fce2a02,20150831,1593.29267869
efbbfd2611307e97bd36298b2fce2a02,20150901,1578.12862121
efbbfd2611307e97bd36298b2fce2a02,20150902,1563.12793785
efbbfd2611307e97bd36298b2fce2a02,20150903,1548.28742059
efbbfd2611307e97bd36298b2fce2a02,20150904,1533.60395213
efbbfd2611307e97bd36298b2fce2a02,20150905,1519.07450257
efbbfd2611307e97bd36298b2fce2a02,20150906,1504.69612623
efbbfd2611307e97bd36298b2fce2a02,20150907,1490.46595858
efbbfd2611307e97bd36298b2fce2a02,20150908,1476.38121337
efbbfd2611307e97bd36298b2fce2a02,20150909,1462.43917982
efbbfd2611307e97bd36298b2fce2a02,20150910,1448.63721998
efbbfd2611307e97bd36298b2fce2a02,20150911,1434.97276618
efbbfd2611307e97bd36298b2fce2a02,20150912,1421.4433186
efbbfd2611307e97bd36298b2fce2a02,20150913,1408.04644292
efbbfd2611307e97bd36298b2fce2a02,20150914,1394.77976812
efbbfd2611307e97bd36298b2fce2a02,20150915,1381.64098431
efbbfd2611307e97bd36298b2fce2a02,20150916,1368.62784069
efbbfd2611307e97bd36298b2fce2a02,20150917,1355.7381436
efbbfd2611307e97bd36298b2fce2a02,20150918,1342.9697546
efbbfd2611307e97bd36298b2fce2a02,20150919,1330.32058868
efbbfd2611307e97bd36298b2fce2a02,20150920,1317.78861253
efbbfd2611307e97bd36298b2fce2a02,20150921,1305.37184288
efbbfd2611307e97bd36298b2fce2a02,20150922,1293.06834485
efbbfd2611307e97bd36298b2fce2a02,20150923,1280.87623046
efbbfd2611307e97bd36298b2fce2a02,20150924,1268.79365714
efbbfd2611307e97bd36298b2fce2a02,20150925,1256.81882631
efbbfd2611307e97bd36298b2fce2a02,20150926,1244.94998199
efbbfd2611307e97bd36298b2fce2a02,20150927,1233.18540951
efbbfd2611307e97bd36298b2fce2a02,20150928,1221.52343425
efbbfd2611307e97bd36298b2fce2a02,20150929,1209.9624204
efbbfd2611307e97bd36298b2fce2a02,20150930,1198.5007698
efbbfd2611307e97bd36298b2fce2a02,20151001,1187.13692082
efbbfd2611307e97bd36298b2fce2a02,20151002,1175.86934725
efbbfd2611307e97bd36298b2fce2a02,20151003,1164.69655728
efbbfd2611307e97bd36298b2fce2a02,20151004,1153.61709248
efbbfd2611307e97bd36298b2fce2a02,20151005,1142.62952682
efbbfd2611307e97bd36298b2fce2a02,20151006,1131.73246574
efbbfd2611307e97bd36298b2fce2a02,20151007,1120.92454524
efbbfd2611307e97bd36298b2fce2a02,20151008,1110.20443102
efbbfd2611307e97bd36298b2fce2a02,20151009,1099.57081762
efbbfd2611307e97bd36298b2fce2a02,20151010,1089.02242761
efbbfd2611307e97bd36298b2fce2a02,20151011,1078.55801085
efbbfd2611307e97bd36298b2fce2a02,20151012,1068.17634364
efbbfd2611307e97bd36298b2fce2a02,20151013,1057.87622808
efbbfd2611307e97bd36298b2fce2a02,20151014,1047.65649133
efbbfd2611307e97bd36298b2fce2a02,20151015,1037.51598489
efbbfd2611307e97bd36298b2fce2a02,20151016,1027.453584
efbbfd2611307e97bd36298b2fce2a02,20151017,1017.46818698
efbbfd2611307e97bd36298b2fce2a02,20151018,1007.55871459
efbbfd2611307e97bd36298b2fce2a02,20151019,997.724109449
efbbfd2611307e97bd36298b2fce2a02,20151020,987.963335485
efbbfd2611307e97bd36298b2fce2a02,20151021,978.275377331
efbbfd2611307e97bd36298b2fce2a02,20151022,968.659239812
efbbfd2611307e97bd36298b2fce2a02,20151023,959.113947415
efbbfd2611307e97bd36298b2fce2a02,20151024,949.638543782
efbbfd2611307e97bd36298b2fce2a02,20151025,940.232091223
efbbfd2611307e97bd36298b2fce2a02,20151026,930.893670236
efbbfd2611307e97bd36298b2fce2a02,20151027,921.62237905
efbbfd2611307e97bd36298b2fce2a02,20151028,912.417333178
efbbfd2611307e97bd36298b2fce2a02,20151029,903.277664989
efbbfd2611307e97bd36298b2fce2a02,20151030,894.20252328
efbbfd2611307e97bd36298b2fce2a02,20150514,4910.15437425
efbbfd2611307e97bd36298b2fce2a02,20150515,3902.47634604
efbbfd2611307e97bd36298b2fce2a02,20150516,3401.10149848
efbbfd2611307e97bd36298b2fce2a02,20150517,3080.17875204
efbbfd2611307e97bd36298b2fce2a02,20150518,2849.26086675
efbbfd2611307e97bd36298b2fce2a02,20150519,2671.36527849
efbbfd2611307e97bd36298b2fce2a02,20150520,2528.03061075
efbbfd2611307e97bd36298b2fce2a02,20150521,2408.8179566
efbbfd2611307e97bd36298b2fce2a02,20150522,2307.29481831
efbbfd2611307e97bd36298b2fce2a02,20150523,2219.23918648
efbbfd2611307e97bd36298b2fce2a02,20150524,2141.74243868
efbbfd2611307e97bd36298b2fce2a02,20150525,2072.72240592
efbbfd2611307e97bd36298b2fce2a02,20150526,2010.64136029
efbbfd2611307e97bd36298b2fce2a02,20150527,1954.33393809
efbbfd2611307e97bd36298b2fce2a02,20150528,1902.89753781
efbbfd2611307e97bd36298b2fce2a02,20150529,1855.61995366
efbbfd2611307e97bd36298b2fce2a02,20150530,1811.93010985
efbbfd2611307e97bd36298b2fce2a02,20150531,1771.36362557
efbbfd2611307e97bd36298b2fce2a02,20150601,1733.53818718
efbbfd2611307e97bd36298b2fce2a02,20150602,1698.13557566
efbbfd2611307e97bd36298b2fce2a02,20150603,1664.88831439
efbbfd2611307e97bd36298b2fce2a02,20150604,1633.56959006
efbbfd2611307e97bd36298b2fce2a02,20150605,1603.98553459
efbbfd2611307e97bd36298b2fce2a02,20150606,1575.96923827
efbbfd2611307e97bd36298b2fce2a02,20150607,1549.37605093
efbbfd2611307e97bd36298b2fce2a02,20150608,1524.07985439
efbbfd2611307e97bd36298b2fce2a02,20150609,1499.97007638
efbbfd2611307e97bd36298b2fce2a02,20150610,1476.94927689
efbbfd2611307e97bd36298b2fce2a02,20150611,1454.93118084
efbbfd2611307e97bd36298b2fce2a02,20150612,1433.83906232
efbbfd2611307e97bd36298b2fce2a02,20150613,1413.6044081
efbbfd2611307e97bd36298b2fce2a02,20150614,1394.16580465
efbbfd2611307e97bd36298b2fce2a02,20150615,1375.46800581
efbbfd2611307e97bd36298b2fce2a02,20150616,1357.46114703
efbbfd2611307e97bd36298b2fce2a02,20150617,1340.10007965
efbbfd2611307e97bd36298b2fce2a02,20150618,1323.34380409
efbbfd2611307e97bd36298b2fce2a02,20150619,1307.15498476
efbbfd2611307e97bd36298b2fce2a02,20150620,1291.49953324
efbbfd2611307e97bd36298b2fce2a02,20150621,1276.34624842
efbbfd2611307e97bd36298b2fce2a02,20150622,1261.66650472
efbbfd2611307e97bd36298b2fce2a02,20150623,1247.4339808
efbbfd2611307e97bd36298b2fce2a02,20150624,1233.62442278
efbbfd2611307e97bd36298b2fce2a02,20150625,1220.21543676
efbbfd2611307e97bd36298b2fce2a02,20150626,1207.18630646
efbbfd2611307e97bd36298b2fce2a02,20150627,1194.51783251
efbbfd2611307e97bd36298b2fce2a02,20150628,1182.19219028
efbbfd2611307e97bd36298b2fce2a02,20150629,1170.19280383
efbbfd2611307e97bd36298b2fce2a02,20150630,1158.50423389
efbbfd2611307e97bd36298b2fce2a02,20150701,1147.11207788
efbbfd2611307e97bd36298b2fce2a02,20150702,1136.00288073
efbbfd2611307e97bd36298b2fce2a02,20150703,1125.16405485
efbbfd2611307e97bd36298b2fce2a02,20150704,1114.58380839
efbbfd2611307e97bd36298b2fce2a02,20150705,1104.2510806
efbbfd2611307e97bd36298b2fce2a02,20150706,1094.15548369
efbbfd2611307e97bd36298b2fce2a02,20150707,1084.28725011
efbbfd2611307e97bd36298b2fce2a02,20150708,1074.63718505
efbbfd2611307e97bd36298b2fce2a02,20150709,1065.19662317
efbbfd2611307e97bd36298b2fce2a02,20150710,1055.95738943
efbbfd2611307e97bd36298b2fce2a02,20150711,1046.91176336
efbbfd2611307e97bd36298b2fce2a02,20150712,1038.05244654
efbbfd2611307e97bd36298b2fce2a02,20150713,1029.37253291
efbbfd2611307e97bd36298b2fce2a02,20150714,1020.86548155
efbbfd2611307e97bd36298b2fce2a02,20150715,1012.52509185
efbbfd2611307e97bd36298b2fce2a02,20150716,1004.34548068
efbbfd2611307e97bd36298b2fce2a02,20150717,996.321061428
efbbfd2611307e97bd36298b2fce2a02,20150718,988.446524731
efbbfd2611307e97bd36298b2fce2a02,20150719,980.71682073
efbbfd2611307e97bd36298b2fce2a02,20150720,973.127142703
efbbfd2611307e97bd36298b2fce2a02,20150721,965.672911961
efbbfd2611307e97bd36298b2fce2a02,20150722,958.349763884
efbbfd2611307e97bd36298b2fce2a02,20150723,951.153534996
efbbfd2611307e97bd36298b2fce2a02,20150724,944.080250997
efbbfd2611307e97bd36298b2fce2a02,20150725,937.126115658
efbbfd2611307e97bd36298b2fce2a02,20150726,930.287500517
efbbfd2611307e97bd36298b2fce2a02,20150727,923.560935291
efbbfd2611307e97bd36298b2fce2a02,20150728,916.943098973
efbbfd2611307e97bd36298b2fce2a02,20150729,910.430811521
efbbfd2611307e97bd36298b2fce2a02,20150730,904.021026128
efbbfd2611307e97bd36298b2fce2a02,20150731,897.710822
efbbfd2611307e97bd36298b2fce2a02,20150801,891.497397616
efbbfd2611307e97bd36298b2fce2a02,20150802,885.378064426
efbbfd2611307e97bd36298b2fce2a02,20150803,879.350240955
efbbfd2611307e97bd36298b2fce2a02,20150804,873.411447287
efbbfd2611307e97bd36298b2fce2a02,20150805,867.559299889
efbbfd2611307e97bd36298b2fce2a02,20150806,861.791506767
efbbfd2611307e97bd36298b2fce2a02,20150807,856.105862908
efbbfd2611307e97bd36298b2fce2a02,20150808,850.50024601
efbbfd2611307e97bd36298b2fce2a02,20150809,844.972612461
efbbfd2611307e97bd36298b2fce2a02,20150810,839.520993559
efbbfd2611307e97bd36298b2fce2a02,20150811,834.143491955
efbbfd2611307e97bd36298b2fce2a02,20150812,828.838278304
efbbfd2611307e97bd36298b2fce2a02,20150813,823.603588103
efbbfd2611307e97bd36298b2fce2a02,20150814,818.437718714
efbbfd2611307e97bd36298b2fce2a02,20150815,813.339026549
efbbfd2611307e97bd36298b2fce2a02,20150816,808.30592442
efbbfd2611307e97bd36298b2fce2a02,20150817,803.336879026
efbbfd2611307e97bd36298b2fce2a02,20150818,798.430408579
efbbfd2611307e97bd36298b2fce2a02,20150819,793.585080563
efbbfd2611307e97bd36298b2fce2a02,20150820,788.799509607
efbbfd2611307e97bd36298b2fce2a02,20150821,784.07235547
efbbfd2611307e97bd36298b2fce2a02,20150822,779.402321136
efbbfd2611307e97bd36298b2fce2a02,20150823,774.788151007
efbbfd2611307e97bd36298b2fce2a02,20150824,770.228629181
efbbfd2611307e97bd36298b2fce2a02,20150825,765.722577826
efbbfd2611307e97bd36298b2fce2a02,20150826,761.268855635
efbbfd2611307e97bd36298b2fce2a02,20150827,756.866356351
efbbfd2611307e97bd36298b2fce2a02,20150828,752.514007372
efbbfd2611307e97bd36298b2fce2a02,20150829,748.210768422
efbbfd2611307e97bd36298b2fce2a02,20150830,743.955630284
efbbfd2611307e97bd36298b2fce2a02,20150831,739.747613597
efbbfd2611307e97bd36298b2fce2a02,20150901,735.585767709
efbbfd2611307e97bd36298b2fce2a02,20150902,731.469169582
efbbfd2611307e97bd36298b2fce2a02,20150903,727.396922752
efbbfd2611307e97bd36298b2fce2a02,20150904,723.368156334
efbbfd2611307e97bd36298b2fce2a02,20150905,719.382024072
efbbfd2611307e97bd36298b2fce2a02,20150906,715.437703438
efbbfd2611307e97bd36298b2fce2a02,20150907,711.534394763
efbbfd2611307e97bd36298b2fce2a02,20150908,707.671320414
efbbfd2611307e97bd36298b2fce2a02,20150909,703.847724003
efbbfd2611307e97bd36298b2fce2a02,20150910,700.062869635
efbbfd2611307e97bd36298b2fce2a02,20150911,696.316041183
efbbfd2611307e97bd36298b2fce2a02,20150912,692.6065416
efbbfd2611307e97bd36298b2fce2a02,20150913,688.933692257
efbbfd2611307e97bd36298b2fce2a02,20150914,685.296832309
efbbfd2611307e97bd36298b2fce2a02,20150915,681.695318091
efbbfd2611307e97bd36298b2fce2a02,20150916,678.128522536
efbbfd2611307e97bd36298b2fce2a02,20150917,674.59583462
efbbfd2611307e97bd36298b2fce2a02,20150918,671.096658824
efbbfd2611307e97bd36298b2fce2a02,20150919,667.630414626
efbbfd2611307e97bd36298b2fce2a02,20150920,664.19653601
efbbfd2611307e97bd36298b2fce2a02,20150921,660.794470991
efbbfd2611307e97bd36298b2fce2a02,20150922,657.423681163
efbbfd2611307e97bd36298b2fce2a02,20150923,654.083641269
efbbfd2611307e97bd36298b2fce2a02,20150924,650.773838777
efbbfd2611307e97bd36298b2fce2a02,20150925,647.493773482
efbbfd2611307e97bd36298b2fce2a02,20150926,644.24295712
efbbfd2611307e97bd36298b2fce2a02,20150927,641.020912997
efbbfd2611307e97bd36298b2fce2a02,20150928,637.82717563
efbbfd2611307e97bd36298b2fce2a02,20150929,634.661290406
efbbfd2611307e97bd36298b2fce2a02,20150930,631.522813253
efbbfd2611307e97bd36298b2fce2a02,20151001,628.411310316
efbbfd2611307e97bd36298b2fce2a02,20151002,625.326357659
efbbfd2611307e97bd36298b2fce2a02,20151003,622.26754096
efbbfd2611307e97bd36298b2fce2a02,20151004,619.234455238
efbbfd2611307e97bd36298b2fce2a02,20151005,616.226704569
efbbfd2611307e97bd36298b2fce2a02,20151006,613.243901829
efbbfd2611307e97bd36298b2fce2a02,20151007,610.285668435
efbbfd2611307e97bd36298b2fce2a02,20151008,607.351634102
efbbfd2611307e97bd36298b2fce2a02,20151009,604.441436605
efbbfd2611307e97bd36298b2fce2a02,20151010,601.554721551
efbbfd2611307e97bd36298b2fce2a02,20151011,598.691142157
efbbfd2611307e97bd36298b2fce2a02,20151012,595.850359041
efbbfd2611307e97bd36298b2fce2a02,20151013,593.032040011
efbbfd2611307e97bd36298b2fce2a02,20151014,590.235859869
efbbfd2611307e97bd36298b2fce2a02,20151015,587.461500221
efbbfd2611307e97bd36298b2fce2a02,20151016,584.708649287
efbbfd2611307e97bd36298b2fce2a02,20151017,581.977001726
efbbfd2611307e97bd36298b2fce2a02,20151018,579.266258462
efbbfd2611307e97bd36298b2fce2a02,20151019,576.576126514
efbbfd2611307e97bd36298b2fce2a02,20151020,573.906318837
efbbfd2611307e97bd36298b2fce2a02,20151021,571.256554164
efbbfd2611307e97bd36298b2fce2a02,20151022,568.626556854
efbbfd2611307e97bd36298b2fce2a02,20151023,566.016056746
efbbfd2611307e97bd36298b2fce2a02,20151024,563.424789017
efbbfd2611307e97bd36298b2fce2a02,20151025,560.852494043
efbbfd2611307e97bd36298b2fce2a02,20151026,558.298917269
efbbfd2611307e97bd36298b2fce2a02,20151027,555.763809078
efbbfd2611307e97bd36298b2fce2a02,20151028,553.246924664
efbbfd2611307e97bd36298b2fce2a02,20151029,550.748023916
efbbfd2611307e97bd36298b2fce2a02,20151030,548.266871296
e7912240b9fb5bb5f560a8855f626789,20150529,5424.66544057
e7912240b9fb5bb5f560a8855f626789,20150530,4242.78341165
e7912240b9fb5bb5f560a8855f626789,20150531,3654.73256058
e7912240b9fb5bb5f560a8855f626789,20150601,3278.32976517
e7912240b9fb5bb5f560a8855f626789,20150602,3007.4915697
e7912240b9fb5bb5f560a8855f626789,20150603,2798.84198829
e7912240b9fb5bb5f560a8855f626789,20150604,2630.72810351
e7912240b9fb5bb5f560a8855f626789,20150605,2490.90636521
e7912240b9fb5bb5f560a8855f626789,20150606,2371.83224698
e7912240b9fb5bb5f560a8855f626789,20150607,2268.5538526
e7912240b9fb5bb5f560a8855f626789,20150608,2177.65972674
e7912240b9fb5bb5f560a8855f626789,20150609,2096.70774201
e7912240b9fb5bb5f560a8855f626789,20150610,2023.89433324
e7912240b9fb5bb5f560a8855f626789,20150611,1957.85267259
e7912240b9fb5bb5f560a8855f626789,20150612,1897.5241198
e7912240b9fb5bb5f560a8855f626789,20150613,1842.07334532
e7912240b9fb5bb5f560a8855f626789,20150614,1790.83054772
e7912240b9fb5bb5f560a8855f626789,20150615,1743.25106559
e7912240b9fb5bb5f560a8855f626789,20150616,1698.88649216
e7912240b9fb5bb5f560a8855f626789,20150617,1657.36359579
e7912240b9fb5bb5f560a8855f626789,20150618,1618.36865942
e7912240b9fb5bb5f560a8855f626789,20150619,1581.63565897
e7912240b9fb5bb5f560a8855f626789,20150620,1546.93721113
e7912240b9fb5bb5f560a8855f626789,20150621,1514.07755139
e7912240b9fb5bb5f560a8855f626789,20150622,1482.88702294
e7912240b9fb5bb5f560a8855f626789,20150623,1453.21770471
e7912240b9fb5bb5f560a8855f626789,20150624,1424.93990908
e7912240b9fb5bb5f560a8855f626789,20150625,1397.93935091
e7912240b9fb5bb5f560a8855f626789,20150626,1372.1148402
e7912240b9fb5bb5f560a8855f626789,20150627,1347.37638691
e7912240b9fb5bb5f560a8855f626789,20150628,1323.64363347
e7912240b9fb5bb5f560a8855f626789,20150629,1300.8445494
e7912240b9fb5bb5f560a8855f626789,20150630,1278.91433776
e7912240b9fb5bb5f560a8855f626789,20150701,1257.79451357
e7912240b9fb5bb5f560a8855f626789,20150702,1237.43212305
e7912240b9fb5bb5f560a8855f626789,20150703,1217.77907872
e7912240b9fb5bb5f560a8855f626789,20150704,1198.79159055
e7912240b9fb5bb5f560a8855f626789,20150705,1180.42967703
e7912240b9fb5bb5f560a8855f626789,20150706,1162.65674312
e7912240b9fb5bb5f560a8855f626789,20150707,1145.43921451
e7912240b9fb5bb5f560a8855f626789,20150708,1128.74621956
e7912240b9fb5bb5f560a8855f626789,20150709,1112.54931143
e7912240b9fb5bb5f560a8855f626789,20150710,1096.82222483
e7912240b9fb5bb5f560a8855f626789,20150711,1081.54066215
e7912240b9fb5bb5f560a8855f626789,20150712,1066.68210487
e7912240b9fb5bb5f560a8855f626789,20150713,1052.22564691
e7912240b9fb5bb5f560a8855f626789,20150714,1038.15184675
e7912240b9fb5bb5f560a8855f626789,20150715,1024.44259601
e7912240b9fb5bb5f560a8855f626789,20150716,1011.08100225
e7912240b9fb5bb5f560a8855f626789,20150717,998.051284321
e7912240b9fb5bb5f560a8855f626789,20150718,985.338678546
e7912240b9fb5bb5f560a8855f626789,20150719,972.929354524
e7912240b9fb5bb5f560a8855f626789,20150720,960.810339388
e7912240b9fb5bb5f560a8855f626789,20150721,948.969449507
e7912240b9fb5bb5f560a8855f626789,20150722,937.395228785
e7912240b9fb5bb5f560a8855f626789,20150723,926.076892813
e7912240b9fb5bb5f560a8855f626789,20150724,915.004278231
e7912240b9fb5bb5f560a8855f626789,20150725,904.167796718
e7912240b9fb5bb5f560a8855f626789,20150726,893.558393123
e7912240b9fb5bb5f560a8855f626789,20150727,883.167507306
e7912240b9fb5bb5f560a8855f626789,20150728,872.987039289
e7912240b9fb5bb5f560a8855f626789,20150729,863.009317397
e7912240b9fb5bb5f560a8855f626789,20150730,853.227069078
e7912240b9fb5bb5f560a8855f626789,20150731,843.633394141
e7912240b9fb5bb5f560a8855f626789,20150801,834.22174018
e7912240b9fb5bb5f560a8855f626789,20150802,824.985879967
e7912240b9fb5bb5f560a8855f626789,20150803,815.919890641
e7912240b9fb5bb5f560a8855f626789,20150804,807.01813451
e7912240b9fb5bb5f560a8855f626789,20150805,798.275241338
e7912240b9fb5bb5f560a8855f626789,20150806,789.686091961
e7912240b9fb5bb5f560a8855f626789,20150807,781.245803138
e7912240b9fb5bb5f560a8855f626789,20150808,772.949713504
e7912240b9fb5bb5f560a8855f626789,20150809,764.793370552
e7912240b9fb5bb5f560a8855f626789,20150810,756.772518542
e7912240b9fb5bb5f560a8855f626789,20150811,748.883087262
e7912240b9fb5bb5f560a8855f626789,20150812,741.121181577
e7912240b9fb5bb5f560a8855f626789,20150813,733.483071693
e7912240b9fb5bb5f560a8855f626789,20150814,725.965184081
e7912240b9fb5bb5f560a8855f626789,20150815,718.56409301
e7912240b9fb5bb5f560a8855f626789,20150816,711.27651264
e7912240b9fb5bb5f560a8855f626789,20150817,704.099289634
e7912240b9fb5bb5f560a8855f626789,20150818,697.029396242
e7912240b9fb5bb5f560a8855f626789,20150819,690.063923825
e7912240b9fb5bb5f560a8855f626789,20150820,683.200076797
e7912240b9fb5bb5f560a8855f626789,20150821,676.435166928
e7912240b9fb5bb5f560a8855f626789,20150822,669.766608012
e7912240b9fb5bb5f560a8855f626789,20150823,663.191910849
e7912240b9fb5bb5f560a8855f626789,20150824,656.708678535
e7912240b9fb5bb5f560a8855f626789,20150825,650.314602026
e7912240b9fb5bb5f560a8855f626789,20150826,644.007455966
e7912240b9fb5bb5f560a8855f626789,20150827,637.785094757
e7912240b9fb5bb5f560a8855f626789,20150828,631.645448856
e7912240b9fb5bb5f560a8855f626789,20150829,625.586521278
e7912240b9fb5bb5f560a8855f626789,20150830,619.606384298
e7912240b9fb5bb5f560a8855f626789,20150831,613.70317634
e7912240b9fb5bb5f560a8855f626789,20150901,607.875099029
e7912240b9fb5bb5f560a8855f626789,20150902,602.120414413
e7912240b9fb5bb5f560a8855f626789,20150903,596.437442327
e7912240b9fb5bb5f560a8855f626789,20150904,590.8245579
e7912240b9fb5bb5f560a8855f626789,20150905,585.280189197
e7912240b9fb5bb5f560a8855f626789,20150906,579.802814978
e7912240b9fb5bb5f560a8855f626789,20150907,574.390962579
e7912240b9fb5bb5f560a8855f626789,20150908,569.043205899
e7912240b9fb5bb5f560a8855f626789,20150909,563.758163486
e7912240b9fb5bb5f560a8855f626789,20150910,558.534496727
e7912240b9fb5bb5f560a8855f626789,20150911,553.37090812
e7912240b9fb5bb5f560a8855f626789,20150912,548.266139634
e7912240b9fb5bb5f560a8855f626789,20150913,543.218971155
e7912240b9fb5bb5f560a8855f626789,20150914,538.228218995
e7912240b9fb5bb5f560a8855f626789,20150915,533.292734485
e7912240b9fb5bb5f560a8855f626789,20150916,528.411402627
e7912240b9fb5bb5f560a8855f626789,20150917,523.583140811
e7912240b9fb5bb5f560a8855f626789,20150918,518.806897595
e7912240b9fb5bb5f560a8855f626789,20150919,514.081651539
e7912240b9fb5bb5f560a8855f626789,20150920,509.40641009
e7912240b9fb5bb5f560a8855f626789,20150921,504.780208522
e7912240b9fb5bb5f560a8855f626789,20150922,500.202108923
e7912240b9fb5bb5f560a8855f626789,20150923,495.671199226
e7912240b9fb5bb5f560a8855f626789,20150924,491.186592281
e7912240b9fb5bb5f560a8855f626789,20150925,486.747424974
e7912240b9fb5bb5f560a8855f626789,20150926,482.352857375
e7912240b9fb5bb5f560a8855f626789,20150927,478.002071935
e7912240b9fb5bb5f560a8855f626789,20150928,473.694272705
e7912240b9fb5bb5f560a8855f626789,20150929,469.428684596
e7912240b9fb5bb5f560a8855f626789,20150930,465.204552669
e7912240b9fb5bb5f560a8855f626789,20151001,461.021141452
e7912240b9fb5bb5f560a8855f626789,20151002,456.877734287
e7912240b9fb5bb5f560a8855f626789,20151003,452.773632705
e7912240b9fb5bb5f560a8855f626789,20151004,448.708155827
e7912240b9fb5bb5f560a8855f626789,20151005,444.680639782
e7912240b9fb5bb5f560a8855f626789,20151006,440.690437163
e7912240b9fb5bb5f560a8855f626789,20151007,436.736916486
e7912240b9fb5bb5f560a8855f626789,20151008,432.819461687
e7912240b9fb5bb5f560a8855f626789,20151009,428.937471632
e7912240b9fb5bb5f560a8855f626789,20151010,425.09035964
e7912240b9fb5bb5f560a8855f626789,20151011,421.27755304
e7912240b9fb5bb5f560a8855f626789,20151012,417.498492725
e7912240b9fb5bb5f560a8855f626789,20151013,413.752632745
e7912240b9fb5bb5f560a8855f626789,20151014,410.039439893
e7912240b9fb5bb5f560a8855f626789,20151015,406.358393327
e7912240b9fb5bb5f560a8855f626789,20151016,402.70898419
e7912240b9fb5bb5f560a8855f626789,20151017,399.090715254
e7912240b9fb5bb5f560a8855f626789,20151018,395.503100575
e7912240b9fb5bb5f560a8855f626789,20151019,391.945665157
e7912240b9fb5bb5f560a8855f626789,20151020,388.417944632
e7912240b9fb5bb5f560a8855f626789,20151021,384.91948495
e7912240b9fb5bb5f560a8855f626789,20151022,381.44984208
e7912240b9fb5bb5f560a8855f626789,20151023,378.008581723
e7912240b9fb5bb5f560a8855f626789,20151024,374.595279035
e7912240b9fb5bb5f560a8855f626789,20151025,371.209518356
e7912240b9fb5bb5f560a8855f626789,20151026,367.850892954
e7912240b9fb5bb5f560a8855f626789,20151027,364.519004773
e7912240b9fb5bb5f560a8855f626789,20151028,361.213464193
e7912240b9fb5bb5f560a8855f626789,20151029,357.933889798
e7912240b9fb5bb5f560a8855f626789,20151030,354.679908151
b26955262273f5cc9a276f792e51efe0,20150521,24928.1933749
b26955262273f5cc9a276f792e51efe0,20150522,19987.5160535
b26955262273f5cc9a276f792e51efe0,20150523,17529.2592795
b26955262273f5cc9a276f792e51efe0,20150524,15955.7648786
b26955262273f5cc9a276f792e51efe0,20150525,14823.5671657
b26955262273f5cc9a276f792e51efe0,20150526,13951.3394562
b26955262273f5cc9a276f792e51efe0,20150527,13248.5650357
b26955262273f5cc9a276f792e51efe0,20150528,12664.0616127
b26955262273f5cc9a276f792e51efe0,20150529,12166.2904468
b26955262273f5cc9a276f792e51efe0,20150530,11734.5508921
b26955262273f5cc9a276f792e51efe0,20150531,11354.5818806
b26955262273f5cc9a276f792e51efe0,20150601,11016.1744716
b26955262273f5cc9a276f792e51efe0,20150602,10711.7891365
b26955262273f5cc9a276f792e51efe0,20150603,10435.7120603
b26955262273f5cc9a276f792e51efe0,20150604,10183.5177589
b26955262273f5cc9a276f792e51efe0,20150605,9951.7142648
b26955262273f5cc9a276f792e51efe0,20150606,9737.50157539
b26955262273f5cc9a276f792e51efe0,20150607,9538.60281679
b26955262273f5cc9a276f792e51efe0,20150608,9353.14349307
b26955262273f5cc9a276f792e51efe0,20150609,9179.56336632
b26955262273f5cc9a276f792e51efe0,20150610,9016.55099022
b26955262273f5cc9a276f792e51efe0,20150611,8862.99429183
b26955262273f5cc9a276f792e51efe0,20150612,8717.94272987
b26955262273f5cc9a276f792e51efe0,20150613,8580.57794076
b26955262273f5cc9a276f792e51efe0,20150614,8450.19070009
b26955262273f5cc9a276f792e51efe0,20150615,8326.1626464
b26955262273f5cc9a276f792e51efe0,20150616,8207.95164042
b26955262273f5cc9a276f792e51efe0,20150617,8095.07993063
b26955262273f5cc9a276f792e51efe0,20150618,7987.12450758
b26955262273f5cc9a276f792e51efe0,20150619,7883.70918176
b26955262273f5cc9a276f792e51efe0,20150620,7784.49803053
b26955262273f5cc9a276f792e51efe0,20150621,7689.18994151
b26955262273f5cc9a276f792e51efe0,20150622,7597.51404099
b26955262273f5cc9a276f792e51efe0,20150623,7509.22584145
b26955262273f5cc9a276f792e51efe0,20150624,7424.10397767
b26955262273f5cc9a276f792e51efe0,20150625,7341.94742732
b26955262273f5cc9a276f792e51efe0,20150626,7262.57313289
b26955262273f5cc9a276f792e51efe0,20150627,7185.8139577
b26955262273f5cc9a276f792e51efe0,20150628,7111.51692179
b26955262273f5cc9a276f792e51efe0,20150629,7039.54167298
b26955262273f5cc9a276f792e51efe0,20150630,6969.75915697
b26955262273f5cc9a276f792e51efe0,20150701,6902.05045617
b26955262273f5cc9a276f792e51efe0,20150702,6836.30577254
b26955262273f5cc9a276f792e51efe0,20150703,6772.42353358
b26955262273f5cc9a276f792e51efe0,20150704,6710.30960414
b26955262273f5cc9a276f792e51efe0,20150705,6649.87658949
b26955262273f5cc9a276f792e51efe0,20150706,6591.04321731
b26955262273f5cc9a276f792e51efe0,20150707,6533.73378828
b26955262273f5cc9a276f792e51efe0,20150708,6477.87768619
b26955262273f5cc9a276f792e51efe0,20150709,6423.40894034
b26955262273f5cc9a276f792e51efe0,20150710,6370.2658334
b26955262273f5cc9a276f792e51efe0,20150711,6318.39054952
b26955262273f5cc9a276f792e51efe0,20150712,6267.72885759
b26955262273f5cc9a276f792e51efe0,20150713,6218.22982582
b26955262273f5cc9a276f792e51efe0,20150714,6169.84556374
b26955262273f5cc9a276f792e51efe0,20150715,6122.53098878
b26955262273f5cc9a276f792e51efe0,20150716,6076.24361456
b26955262273f5cc9a276f792e51efe0,20150717,6030.94335858
b26955262273f5cc9a276f792e51efe0,20150718,5986.59236715
b26955262273f5cc9a276f792e51efe0,20150719,5943.15485592
b26955262273f5cc9a276f792e51efe0,20150720,5900.59696416
b26955262273f5cc9a276f792e51efe0,20150721,5858.88662162
b26955262273f5cc9a276f792e51efe0,20150722,5817.9934265
b26955262273f5cc9a276f792e51efe0,20150723,5777.8885336
b26955262273f5cc9a276f792e51efe0,20150724,5738.54455159
b26955262273f5cc9a276f792e51efe0,20150725,5699.9354485
b26955262273f5cc9a276f792e51efe0,20150726,5662.0364647
b26955262273f5cc9a276f792e51efe0,20150727,5624.8240327
b26955262273f5cc9a276f792e51efe0,20150728,5588.27570304
b26955262273f5cc9a276f792e51efe0,20150729,5552.37007583
b26955262273f5cc9a276f792e51efe0,20150730,5517.08673743
b26955262273f5cc9a276f792e51efe0,20150731,5482.40620172
b26955262273f5cc9a276f792e51efe0,20150801,5448.30985567
b26955262273f5cc9a276f792e51efe0,20150802,5414.7799088
b26955262273f5cc9a276f792e51efe0,20150803,5381.79934624
b26955262273f5cc9a276f792e51efe0,20150804,5349.35188494
b26955262273f5cc9a276f792e51efe0,20150805,5317.42193309
b26955262273f5cc9a276f792e51efe0,20150806,5285.99455208
b26955262273f5cc9a276f792e51efe0,20150807,5255.05542117
b26955262273f5cc9a276f792e51efe0,20150808,5224.59080442
b26955262273f5cc9a276f792e51efe0,20150809,5194.58751977
b26955262273f5cc9a276f792e51efe0,20150810,5165.03291018
b26955262273f5cc9a276f792e51efe0,20150811,5135.91481653
b26955262273f5cc9a276f792e51efe0,20150812,5107.22155229
b26955262273f5cc9a276f792e51efe0,20150813,5078.94187974
b26955262273f5cc9a276f792e51efe0,20150814,5051.06498764
b26955262273f5cc9a276f792e51efe0,20150815,5023.58047026
b26955262273f5cc9a276f792e51efe0,20150816,4996.47830771
b26955262273f5cc9a276f792e51efe0,20150817,4969.74884738
b26955262273f5cc9a276f792e51efe0,20150818,4943.38278652
b26955262273f5cc9a276f792e51efe0,20150819,4917.37115579
b26955262273f5cc9a276f792e51efe0,20150820,4891.70530376
b26955262273f5cc9a276f792e51efe0,20150821,4866.37688236
b26955262273f5cc9a276f792e51efe0,20150822,4841.37783302
b26955262273f5cc9a276f792e51efe0,20150823,4816.7003737
b26955262273f5cc9a276f792e51efe0,20150824,4792.33698659
b26955262273f5cc9a276f792e51efe0,20150825,4768.28040642
b26955262273f5cc9a276f792e51efe0,20150826,4744.52360954
b26955262273f5cc9a276f792e51efe0,20150827,4721.05980341
b26955262273f5cc9a276f792e51efe0,20150828,4697.8824168
b26955262273f5cc9a276f792e51efe0,20150829,4674.98509039
b26955262273f5cc9a276f792e51efe0,20150830,4652.36166796
b26955262273f5cc9a276f792e51efe0,20150831,4630.00618788
b26955262273f5cc9a276f792e51efe0,20150901,4607.91287522
b26955262273f5cc9a276f792e51efe0,20150902,4586.07613411
b26955262273f5cc9a276f792e51efe0,20150903,4564.49054053
b26955262273f5cc9a276f792e51efe0,20150904,4543.1508355
b26955262273f5cc9a276f792e51efe0,20150905,4522.05191849
b26955262273f5cc9a276f792e51efe0,20150906,4501.18884128
b26955262273f5cc9a276f792e51efe0,20150907,4480.55680205
b26955262273f5cc9a276f792e51efe0,20150908,4460.15113971
b26955262273f5cc9a276f792e51efe0,20150909,4439.96732857
b26955262273f5cc9a276f792e51efe0,20150910,4420.00097325
b26955262273f5cc9a276f792e51efe0,20150911,4400.24780377
b26955262273f5cc9a276f792e51efe0,20150912,4380.70367091
b26955262273f5cc9a276f792e51efe0,20150913,4361.36454178
b26955262273f5cc9a276f792e51efe0,20150914,4342.22649559
b26955262273f5cc9a276f792e51efe0,20150915,4323.28571957
b26955262273f5cc9a276f792e51efe0,20150916,4304.53850514
b26955262273f5cc9a276f792e51efe0,20150917,4285.98124418
b26955262273f5cc9a276f792e51efe0,20150918,4267.61042548
b26955262273f5cc9a276f792e51efe0,20150919,4249.42263142
b26955262273f5cc9a276f792e51efe0,20150920,4231.41453463
b26955262273f5cc9a276f792e51efe0,20150921,4213.582895
b26955262273f5cc9a276f792e51efe0,20150922,4195.9245566
b26955262273f5cc9a276f792e51efe0,20150923,4178.43644491
b26955262273f5cc9a276f792e51efe0,20150924,4161.11556405
b26955262273f5cc9a276f792e51efe0,20150925,4143.95899418
b26955262273f5cc9a276f792e51efe0,20150926,4126.96388898
b26955262273f5cc9a276f792e51efe0,20150927,4110.12747325
b26955262273f5cc9a276f792e51efe0,20150928,4093.44704059
b26955262273f5cc9a276f792e51efe0,20150929,4076.9199512
b26955262273f5cc9a276f792e51efe0,20150930,4060.5436297
b26955262273f5cc9a276f792e51efe0,20151001,4044.31556314
b26955262273f5cc9a276f792e51efe0,20151002,4028.233299
b26955262273f5cc9a276f792e51efe0,20151003,4012.29444331
b26955262273f5cc9a276f792e51efe0,20151004,3996.49665882
b26955262273f5cc9a276f792e51efe0,20151005,3980.83766325
b26955262273f5cc9a276f792e51efe0,20151006,3965.31522762
b26955262273f5cc9a276f792e51efe0,20151007,3949.92717463
b26955262273f5cc9a276f792e51efe0,20151008,3934.67137708
b26955262273f5cc9a276f792e51efe0,20151009,3919.54575639
b26955262273f5cc9a276f792e51efe0,20151010,3904.54828113
b26955262273f5cc9a276f792e51efe0,20151011,3889.67696567
b26955262273f5cc9a276f792e51efe0,20151012,3874.92986878
b26955262273f5cc9a276f792e51efe0,20151013,3860.30509237
b26955262273f5cc9a276f792e51efe0,20151014,3845.80078025
b26955262273f5cc9a276f792e51efe0,20151015,3831.41511689
b26955262273f5cc9a276f792e51efe0,20151016,3817.14632629
b26955262273f5cc9a276f792e51efe0,20151017,3802.99267086
b26955262273f5cc9a276f792e51efe0,20151018,3788.9524503
b26955262273f5cc9a276f792e51efe0,20151019,3775.02400061
b26955262273f5cc9a276f792e51efe0,20151020,3761.20569305
b26955262273f5cc9a276f792e51efe0,20151021,3747.49593316
b26955262273f5cc9a276f792e51efe0,20151022,3733.89315984
b26955262273f5cc9a276f792e51efe0,20151023,3720.39584443
b26955262273f5cc9a276f792e51efe0,20151024,3707.00248983
b26955262273f5cc9a276f792e51efe0,20151025,3693.71162966
b26955262273f5cc9a276f792e51efe0,20151026,3680.52182743
b26955262273f5cc9a276f792e51efe0,20151027,3667.43167574
b26955262273f5cc9a276f792e51efe0,20151028,3654.43979554
b26955262273f5cc9a276f792e51efe0,20151029,3641.54483534
b26955262273f5cc9a276f792e51efe0,20151030,3628.74547054
75808a38c82695330edc632d562a0238,20150513,3732.94341115
75808a38c82695330edc632d562a0238,20150514,3011.64090218
75808a38c82695330edc632d562a0238,20150515,2652.75351418
75808a38c82695330edc632d562a0238,20150516,2423.03491785
75808a38c82695330edc632d562a0238,20150517,2257.74238853
75808a38c82695330edc632d562a0238,20150518,2130.40356546
75808a38c82695330edc632d562a0238,20150519,2027.80367486
75808a38c82695330edc632d562a0238,20150520,1942.470479
75808a38c82695330edc632d562a0238,20150521,1869.79955404
75808a38c82695330edc632d562a0238,20150522,1806.76875811
75808a38c82695330edc632d562a0238,20150523,1751.29608027
75808a38c82695330edc632d562a0238,20150524,1701.89109038
75808a38c82695330edc632d562a0238,20150525,1657.45307275
75808a38c82695330edc632d562a0238,20150526,1617.14785247
75808a38c82695330edc632d562a0238,20150527,1580.32934146
75808a38c82695330edc632d562a0238,20150528,1546.48773818
75808a38c82695330edc632d562a0238,20150529,1515.21426285
75808a38c82695330edc632d562a0238,20150530,1486.17650865
75808a38c82695330edc632d562a0238,20150531,1459.10081299
75808a38c82695330edc632d562a0238,20150601,1433.75939262
75808a38c82695330edc632d562a0238,20150602,1409.96078603
75808a38c82695330edc632d562a0238,20150603,1387.54263875
75808a38c82695330edc632d562a0238,20150604,1366.36617877
75808a38c82695330edc632d562a0238,20150605,1346.31193103
75808a38c82695330edc632d562a0238,20150606,1327.27635398
75808a38c82695330edc632d562a0238,20150607,1309.1691714
75808a38c82695330edc632d562a0238,20150608,1291.91123496
75808a38c82695330edc632d562a0238,20150609,1275.43279644
75808a38c82695330edc632d562a0238,20150610,1259.67209959
75808a38c82695330edc632d562a0238,20150611,1244.57422351
75808a38c82695330edc632d562a0238,20150612,1230.09012595
75808a38c82695330edc632d562a0238,20150613,1216.17584674
75808a38c82695330edc632d562a0238,20150614,1202.79184031
75808a38c82695330edc632d562a0238,20150615,1189.90241327
75808a38c82695330edc632d562a0238,20150616,1177.47524794
75808a38c82695330edc632d562a0238,20150617,1165.48099654
75808a38c82695330edc632d562a0238,20150618,1153.89293401
75808a38c82695330edc632d562a0238,20150619,1142.68665964
75808a38c82695330edc632d562a0238,20150620,1131.83983947
75808a38c82695330edc632d562a0238,20150621,1121.33198313
75808a38c82695330edc632d562a0238,20150622,1111.14424962
75808a38c82695330edc632d562a0238,20150623,1101.25927787
75808a38c82695330edc632d562a0238,20150624,1091.66103816
75808a38c82695330edc632d562a0238,20150625,1082.33470166
75808a38c82695330edc632d562a0238,20150626,1073.26652533
75808a38c82695330edc632d562a0238,20150627,1064.44375018
75808a38c82695330edc632d562a0238,20150628,1055.85451105
75808a38c82695330edc632d562a0238,20150629,1047.4877564
75808a38c82695330edc632d562a0238,20150630,1039.33317679
75808a38c82695330edc632d562a0238,20150701,1031.38114096
75808a38c82695330edc632d562a0238,20150702,1023.62263866
75808a38c82695330edc632d562a0238,20150703,1016.04922919
75808a38c82695330edc632d562a0238,20150704,1008.65299521
75808a38c82695330edc632d562a0238,20150705,1001.42650105
75808a38c82695330edc632d562a0238,20150706,994.362755057
75808a38c82695330edc632d562a0238,20150707,987.455175507
75808a38c82695330edc632d562a0238,20150708,980.697559702
75808a38c82695330edc632d562a0238,20150709,974.084055889
75808a38c82695330edc632d562a0238,20150710,967.609137713
75808a38c82695330edc632d562a0238,20150711,961.267580919
75808a38c82695330edc632d562a0238,20150712,955.054442092
75808a38c82695330edc632d562a0238,20150713,948.965039209
75808a38c82695330edc632d562a0238,20150714,942.994933832
75808a38c82695330edc632d562a0238,20150715,937.139914775
75808a38c82695330edc632d562a0238,20150716,931.395983105
75808a38c82695330edc632d562a0238,20150717,925.759338346
75808a38c82695330edc632d562a0238,20150718,920.226365776
75808a38c82695330edc632d562a0238,20150719,914.793624712
75808a38c82695330edc632d562a0238,20150720,909.457837699
75808a38c82695330edc632d562a0238,20150721,904.215880512
75808a38c82695330edc632d562a0238,20150722,899.06477291
75808a38c82695330edc632d562a0238,20150723,894.001670061
75808a38c82695330edc632d562a0238,20150724,889.023854601
75808a38c82695330edc632d562a0238,20150725,884.128729252
75808a38c82695330edc632d562a0238,20150726,879.313809964
75808a38c82695330edc632d562a0238,20150727,874.576719538
75808a38c82695330edc632d562a0238,20150728,869.915181679
75808a38c82695330edc632d562a0238,20150729,865.327015462
75808a38c82695330edc632d562a0238,20150730,860.810130166
75808a38c82695330edc632d562a0238,20150731,856.362520441
75808a38c82695330edc632d562a0238,20150801,851.982261807
75808a38c82695330edc632d562a0238,20150802,847.667506428
75808a38c82695330edc632d562a0238,20150803,843.416479162
75808a38c82695330edc632d562a0238,20150804,839.227473862
75808a38c82695330edc632d562a0238,20150805,835.098849903
75808a38c82695330edc632d562a0238,20150806,831.029028923
75808a38c82695330edc632d562a0238,20150807,827.016491763
75808a38c82695330edc632d562a0238,20150808,823.059775594
75808a38c82695330edc632d562a0238,20150809,819.157471205
75808a38c82695330edc632d562a0238,20150810,815.308220462
75808a38c82695330edc632d562a0238,20150811,811.510713908
75808a38c82695330edc632d562a0238,20150812,807.763688499
75808a38c82695330edc632d562a0238,20150813,804.065925476
75808a38c82695330edc632d562a0238,20150814,800.416248349
75808a38c82695330edc632d562a0238,20150815,796.813520998
75808a38c82695330edc632d562a0238,20150816,793.256645875
75808a38c82695330edc632d562a0238,20150817,789.744562309
75808a38c82695330edc632d562a0238,20150818,786.276244893
75808a38c82695330edc632d562a0238,20150819,782.85070197
75808a38c82695330edc632d562a0238,20150820,779.466974188
75808a38c82695330edc632d562a0238,20150821,776.124133135
75808a38c82695330edc632d562a0238,20150822,772.821280043
75808a38c82695330edc632d562a0238,20150823,769.557544563
75808a38c82695330edc632d562a0238,20150824,766.332083596
75808a38c82695330edc632d562a0238,20150825,763.144080185
75808a38c82695330edc632d562a0238,20150826,759.992742465
75808a38c82695330edc632d562a0238,20150827,756.877302662
75808a38c82695330edc632d562a0238,20150828,753.797016137
75808a38c82695330edc632d562a0238,20150829,750.751160488
75808a38c82695330edc632d562a0238,20150830,747.739034681
75808a38c82695330edc632d562a0238,20150831,744.759958233
75808a38c82695330edc632d562a0238,20150901,741.813270428
75808a38c82695330edc632d562a0238,20150902,738.89832957
75808a38c82695330edc632d562a0238,20150903,736.014512275
75808a38c82695330edc632d562a0238,20150904,733.161212788
75808a38c82695330edc632d562a0238,20150905,730.337842336
75808a38c82695330edc632d562a0238,20150906,727.543828512
75808a38c82695330edc632d562a0238,20150907,724.778614682
75808a38c82695330edc632d562a0238,20150908,722.041659417
75808a38c82695330edc632d562a0238,20150909,719.33243596
75808a38c82695330edc632d562a0238,20150910,716.650431701
75808a38c82695330edc632d562a0238,20150911,713.99514769
75808a38c82695330edc632d562a0238,20150912,711.36609816
75808a38c82695330edc632d562a0238,20150913,708.762810074
75808a38c82695330edc632d562a0238,20150914,706.184822692
75808a38c82695330edc632d562a0238,20150915,703.631687157
75808a38c82695330edc632d562a0238,20150916,701.102966091
75808a38c82695330edc632d562a0238,20150917,698.59823322
75808a38c82695330edc632d562a0238,20150918,696.117073001
75808a38c82695330edc632d562a0238,20150919,693.659080278
75808a38c82695330edc632d562a0238,20150920,691.223859934
75808a38c82695330edc632d562a0238,20150921,688.811026577
75808a38c82695330edc632d562a0238,20150922,686.420204222
75808a38c82695330edc632d562a0238,20150923,684.051025998
75808a38c82695330edc632d562a0238,20150924,681.703133853
75808a38c82695330edc632d562a0238,20150925,679.376178286
75808a38c82695330edc632d562a0238,20150926,677.069818074
75808a38c82695330edc632d562a0238,20150927,674.783720024
75808a38c82695330edc632d562a0238,20150928,672.517558719
75808a38c82695330edc632d562a0238,20150929,670.27101629
75808a38c82695330edc632d562a0238,20150930,668.043782182
75808a38c82695330edc632d562a0238,20151001,665.835552936
75808a38c82695330edc632d562a0238,20151002,663.646031981
75808a38c82695330edc632d562a0238,20151003,661.474929426
75808a38c82695330edc632d562a0238,20151004,659.321961868
75808a38c82695330edc632d562a0238,20151005,657.1868522
75808a38c82695330edc632d562a0238,20151006,655.06932943
75808a38c82695330edc632d562a0238,20151007,652.969128506
75808a38c82695330edc632d562a0238,20151008,650.885990145
75808a38c82695330edc632d562a0238,20151009,648.81966067
75808a38c82695330edc632d562a0238,20151010,646.769891852
75808a38c82695330edc632d562a0238,20151011,644.736440758
75808a38c82695330edc632d562a0238,20151012,642.719069603
75808a38c82695330edc632d562a0238,20151013,640.717545609
75808a38c82695330edc632d562a0238,20151014,638.731640866
75808a38c82695330edc632d562a0238,20151015,636.761132202
75808a38c82695330edc632d562a0238,20151016,634.80580105
75808a38c82695330edc632d562a0238,20151017,632.865433331
75808a38c82695330edc632d562a0238,20151018,630.939819326
75808a38c82695330edc632d562a0238,20151019,629.028753567
75808a38c82695330edc632d562a0238,20151020,627.132034721
75808a38c82695330edc632d562a0238,20151021,625.249465482
75808a38c82695330edc632d562a0238,20151022,623.380852468
75808a38c82695330edc632d562a0238,20151023,621.526006116
75808a38c82695330edc632d562a0238,20151024,619.684740587
75808a38c82695330edc632d562a0238,20151025,617.856873667
75808a38c82695330edc632d562a0238,20151026,616.042226678
75808a38c82695330edc632d562a0238,20151027,614.240624389
75808a38c82695330edc632d562a0238,20151028,612.451894925
75808a38c82695330edc632d562a0238,20151029,610.675869687
75808a38c82695330edc632d562a0238,20151030,608.91238327
5dbd0882d237a4830436a7f7986e59ab,20150624,1838.3605783
5dbd0882d237a4830436a7f7986e59ab,20150625,1472.69542018
5dbd0882d237a4830436a7f7986e59ab,20150626,1290.75703532
5dbd0882d237a4830436a7f7986e59ab,20150627,1174.30092182
5dbd0882d237a4830436a7f7986e59ab,20150628,1090.50567902
5dbd0882d237a4830436a7f7986e59ab,20150629,1025.9511124
5dbd0882d237a4830436a7f7986e59ab,20150630,973.937976778
5dbd0882d237a4830436a7f7986e59ab,20150701,930.67821244
5dbd0882d237a4830436a7f7986e59ab,20150702,893.837601275
5dbd0882d237a4830436a7f7986e59ab,20150703,861.884064892
5dbd0882d237a4830436a7f7986e59ab,20150704,833.762125401
5dbd0882d237a4830436a7f7986e59ab,20150705,808.716207472
5dbd0882d237a4830436a7f7986e59ab,20150706,786.188301997
5dbd0882d237a4830436a7f7986e59ab,20150707,765.755523011
5dbd0882d237a4830436a7f7986e59ab,20150708,747.090335407
5dbd0882d237a4830436a7f7986e59ab,20150709,729.934294685
5dbd0882d237a4830436a7f7986e59ab,20150710,714.080169462
5dbd0882d237a4830436a7f7986e59ab,20150711,699.359445706
5dbd0882d237a4830436a7f7986e59ab,20150712,685.633389839
5dbd0882d237a4830436a7f7986e59ab,20150713,672.786526876
5dbd0882d237a4830436a7f7986e59ab,20150714,660.721795179
5dbd0882d237a4830436a7f7986e59ab,20150715,649.356888964
5dbd0882d237a4830436a7f7986e59ab,20150716,638.621457587
5dbd0882d237a4830436a7f7986e59ab,20150717,628.454933027
5dbd0882d237a4830436a7f7986e59ab,20150718,618.804824778
5dbd0882d237a4830436a7f7986e59ab,20150719,609.625367202
5dbd0882d237a4830436a7f7986e59ab,20150720,600.876435957
5dbd0882d237a4830436a7f7986e59ab,20150721,592.522672106
5dbd0882d237a4830436a7f7986e59ab,20150722,584.532768238
5dbd0882d237a4830436a7f7986e59ab,20150723,576.878882139
5dbd0882d237a4830436a7f7986e59ab,20150724,569.536151792
5dbd0882d237a4830436a7f7986e59ab,20150725,562.482291527
5dbd0882d237a4830436a7f7986e59ab,20150726,555.697253671
5dbd0882d237a4830436a7f7986e59ab,20150727,549.162943425
5dbd0882d237a4830436a7f7986e59ab,20150728,542.862977296
5dbd0882d237a4830436a7f7986e59ab,20150729,536.782477393
5dbd0882d237a4830436a7f7986e59ab,20150730,530.90789542
5dbd0882d237a4830436a7f7986e59ab,20150731,525.226861403
5dbd0882d237a4830436a7f7986e59ab,20150801,519.728053119
5dbd0882d237a4830436a7f7986e59ab,20150802,514.401082943
5dbd0882d237a4830436a7f7986e59ab,20150803,509.236399421
5dbd0882d237a4830436a7f7986e59ab,20150804,504.225201325
5dbd0882d237a4830436a7f7986e59ab,20150805,499.359362378
5dbd0882d237a4830436a7f7986e59ab,20150806,494.631365084
5dbd0882d237a4830436a7f7986e59ab,20150807,490.034242391
5dbd0882d237a4830436a7f7986e59ab,20150808,485.561526117
5dbd0882d237a4830436a7f7986e59ab,20150809,481.207201206
5dbd0882d237a4830436a7f7986e59ab,20150810,476.965665063
5dbd0882d237a4830436a7f7986e59ab,20150811,472.831691303
5dbd0882d237a4830436a7f7986e59ab,20150812,468.800397359
5dbd0882d237a4830436a7f7986e59ab,20150813,464.867215462
5dbd0882d237a4830436a7f7986e59ab,20150814,461.027866593
5dbd0882d237a4830436a7f7986e59ab,20150815,457.278337048
5dbd0882d237a4830436a7f7986e59ab,20150816,453.614857306
5dbd0882d237a4830436a7f7986e59ab,20150817,450.033882939
5dbd0882d237a4830436a7f7986e59ab,20150818,446.532077334
5dbd0882d237a4830436a7f7986e59ab,20150819,443.106296027
5dbd0882d237a4830436a7f7986e59ab,20150820,439.753572465
5dbd0882d237a4830436a7f7986e59ab,20150821,436.471105055
5dbd0882d237a4830436a7f7986e59ab,20150822,433.256245354
5dbd0882d237a4830436a7f7986e59ab,20150823,430.106487294
5dbd0882d237a4830436a7f7986e59ab,20150824,427.019457316
5dbd0882d237a4830436a7f7986e59ab,20150825,423.99290535
5dbd0882d237a4830436a7f7986e59ab,20150826,421.02469653
5dbd0882d237a4830436a7f7986e59ab,20150827,418.112803592
5dbd0882d237a4830436a7f7986e59ab,20150828,415.255299879
5dbd0882d237a4830436a7f7986e59ab,20150829,412.450352905
5dbd0882d237a4830436a7f7986e59ab,20150830,409.696218412
5dbd0882d237a4830436a7f7986e59ab,20150831,406.991234889
5dbd0882d237a4830436a7f7986e59ab,20150901,404.333818507
5dbd0882d237a4830436a7f7986e59ab,20150902,401.722458429
5dbd0882d237a4830436a7f7986e59ab,20150903,399.155712465
5dbd0882d237a4830436a7f7986e59ab,20150904,396.632203044
5dbd0882d237a4830436a7f7986e59ab,20150905,394.150613471
5dbd0882d237a4830436a7f7986e59ab,20150906,391.709684457
5dbd0882d237a4830436a7f7986e59ab,20150907,389.308210875
5dbd0882d237a4830436a7f7986e59ab,20150908,386.945038756
5dbd0882d237a4830436a7f7986e59ab,20150909,384.619062478
5dbd0882d237a4830436a7f7986e59ab,20150910,382.329222147
5dbd0882d237a4830436a7f7986e59ab,20150911,380.074501148
5dbd0882d237a4830436a7f7986e59ab,20150912,377.853923865
5dbd0882d237a4830436a7f7986e59ab,20150913,375.666553533
5dbd0882d237a4830436a7f7986e59ab,20150914,373.511490244
5dbd0882d237a4830436a7f7986e59ab,20150915,371.387869064
5dbd0882d237a4830436a7f7986e59ab,20150916,369.294858276
5dbd0882d237a4830436a7f7986e59ab,20150917,367.231657727
5dbd0882d237a4830436a7f7986e59ab,20150918,365.197497279
5dbd0882d237a4830436a7f7986e59ab,20150919,363.191635348
5dbd0882d237a4830436a7f7986e59ab,20150920,361.213357533
5dbd0882d237a4830436a7f7986e59ab,20150921,359.261975326
5dbd0882d237a4830436a7f7986e59ab,20150922,357.336824897
5dbd0882d237a4830436a7f7986e59ab,20150923,355.437265944
5dbd0882d237a4830436a7f7986e59ab,20150924,353.562680616
5dbd0882d237a4830436a7f7986e59ab,20150925,351.71247249
5dbd0882d237a4830436a7f7986e59ab,20150926,349.886065608
5dbd0882d237a4830436a7f7986e59ab,20150927,348.082903567
5dbd0882d237a4830436a7f7986e59ab,20150928,346.302448658
5dbd0882d237a4830436a7f7986e59ab,20150929,344.544181051
5dbd0882d237a4830436a7f7986e59ab,20150930,342.807598024
5dbd0882d237a4830436a7f7986e59ab,20151001,341.092213232
5dbd0882d237a4830436a7f7986e59ab,20151002,339.397556015
5dbd0882d237a4830436a7f7986e59ab,20151003,337.723170743
5dbd0882d237a4830436a7f7986e59ab,20151004,336.06861619
5dbd0882d237a4830436a7f7986e59ab,20151005,334.433464946
5dbd0882d237a4830436a7f7986e59ab,20151006,332.817302855
5dbd0882d237a4830436a7f7986e59ab,20151007,331.219728479
5dbd0882d237a4830436a7f7986e59ab,20151008,329.640352594
5dbd0882d237a4830436a7f7986e59ab,20151009,328.078797705
5dbd0882d237a4830436a7f7986e59ab,20151010,326.53469759
5dbd0882d237a4830436a7f7986e59ab,20151011,325.007696857
5dbd0882d237a4830436a7f7986e59ab,20151012,323.497450536
5dbd0882d237a4830436a7f7986e59ab,20151013,322.003623676
5dbd0882d237a4830436a7f7986e59ab,20151014,320.525890969
5dbd0882d237a4830436a7f7986e59ab,20151015,319.063936388
5dbd0882d237a4830436a7f7986e59ab,20151016,317.617452845
5dbd0882d237a4830436a7f7986e59ab,20151017,316.186141863
5dbd0882d237a4830436a7f7986e59ab,20151018,314.769713258
5dbd0882d237a4830436a7f7986e59ab,20151019,313.367884843
5dbd0882d237a4830436a7f7986e59ab,20151020,311.980382142
5dbd0882d237a4830436a7f7986e59ab,20151021,310.606938113
5dbd0882d237a4830436a7f7986e59ab,20151022,309.24729289
5dbd0882d237a4830436a7f7986e59ab,20151023,307.901193527
5dbd0882d237a4830436a7f7986e59ab,20151024,306.568393765
5dbd0882d237a4830436a7f7986e59ab,20151025,305.248653798
5dbd0882d237a4830436a7f7986e59ab,20151026,303.941740052
5dbd0882d237a4830436a7f7986e59ab,20151027,302.64742498
5dbd0882d237a4830436a7f7986e59ab,20151028,301.365486851
5dbd0882d237a4830436a7f7986e59ab,20151029,300.095709566
5dbd0882d237a4830436a7f7986e59ab,20151030,298.837882466
509735a54607273699d6fb9496daccf4,20150522,4088.08781703
509735a54607273699d6fb9496daccf4,20150523,3274.66940407
509735a54607273699d6fb9496daccf4,20150524,2869.94932346
509735a54607273699d6fb9496daccf4,20150525,2610.89388732
509735a54607273699d6fb9496daccf4,20150526,2424.49222477
509735a54607273699d6fb9496daccf4,20150527,2280.89125003
509735a54607273699d6fb9496daccf4,20150528,2165.18856059
509735a54607273699d6fb9496daccf4,20150529,2068.95765624
509735a54607273699d6fb9496daccf4,20150530,1987.00609263
509735a54607273699d6fb9496daccf4,20150531,1915.92577701
509735a54607273699d6fb9496daccf4,20150601,1853.36880956
509735a54607273699d6fb9496daccf4,20150602,1797.6544207
509735a54607273699d6fb9496daccf4,20150603,1747.54132485
509735a54607273699d6fb9496daccf4,20150604,1702.08881649
509735a54607273699d6fb9496daccf4,20150605,1660.56829713
509735a54607273699d6fb9496daccf4,20150606,1622.40485961
509735a54607273699d6fb9496daccf4,20150607,1587.13751982
509735a54607273699d6fb9496daccf4,20150608,1554.39142004
509735a54607273699d6fb9496daccf4,20150609,1523.85794883
509735a54607273699d6fb9496daccf4,20150610,1495.28023325
509735a54607273699d6fb9496daccf4,20150611,1468.4423607
509735a54607273699d6fb9496daccf4,20150612,1443.1612428
509735a54607273699d6fb9496daccf4,20150613,1419.28038524
509735a54607273699d6fb9496daccf4,20150614,1396.6650551
509735a54607273699d6fb9496daccf4,20150615,1375.19848777
509735a54607273699d6fb9496daccf4,20150616,1354.77887806
509735a54607273699d6fb9496daccf4,20150617,1335.31696978
509735a54607273699d6fb9496daccf4,20150618,1316.73410734
509735a54607273699d6fb9496daccf4,20150619,1298.96064771
509735a54607273699d6fb9496daccf4,20150620,1281.93465619
509735a54607273699d6fb9496daccf4,20150621,1265.60082746
509735a54607273699d6fb9496daccf4,20150622,1249.90958727
509735a54607273699d6fb9496daccf4,20150623,1234.8163398
509735a54607273699d6fb9496daccf4,20150624,1220.28083333
509735a54607273699d6fb9496daccf4,20150625,1206.26662296
509735a54607273699d6fb9496daccf4,20150626,1192.74061298
509735a54607273699d6fb9496daccf4,20150627,1179.67266532
509735a54607273699d6fb9496daccf4,20150628,1167.03526312
509735a54607273699d6fb9496daccf4,20150629,1154.8032202
509735a54607273699d6fb9496daccf4,20150630,1142.9534294
509735a54607273699d6fb9496daccf4,20150701,1131.46464361
509735a54607273699d6fb9496daccf4,20150702,1120.31728458
509735a54607273699d6fb9496daccf4,20150703,1109.49327549
509735a54607273699d6fb9496daccf4,20150704,1098.97589376
509735a54607273699d6fb9496daccf4,20150705,1088.74964124
509735a54607273699d6fb9496daccf4,20150706,1078.80012953
509735a54607273699d6fb9496daccf4,20150707,1069.11397819
509735a54607273699d6fb9496daccf4,20150708,1059.67872432
509735a54607273699d6fb9496daccf4,20150709,1050.48274188
509735a54607273699d6fb9496daccf4,20150710,1041.51516964
509735a54607273699d6fb9496daccf4,20150711,1032.76584664
509735a54607273699d6fb9496daccf4,20150712,1024.22525426
509735a54607273699d6fb9496daccf4,20150713,1015.88446405
509735a54607273699d6fb9496daccf4,20150714,1007.73509074
509735a54607273699d6fb9496daccf4,20150715,999.769249803
509735a54607273699d6fb9496daccf4,20150716,991.979518968
509735a54607273699d6fb9496daccf4,20150717,984.358903408
509735a54607273699d6fb9496daccf4,20150718,976.900804055
509735a54607273699d6fb9496daccf4,20150719,969.598988795
509735a54607273699d6fb9496daccf4,20150720,962.447566197
509735a54607273699d6fb9496daccf4,20150721,955.440961531
509735a54607273699d6fb9496daccf4,20150722,948.573894846
509735a54607273699d6fb9496daccf4,20150723,941.841360881
509735a54607273699d6fb9496daccf4,20150724,935.238610648
509735a54607273699d6fb9496daccf4,20150725,928.76113452
509735a54607273699d6fb9496daccf4,20150726,922.40464667
509735a54607273699d6fb9496daccf4,20150727,916.165070749
509735a54607273699d6fb9496daccf4,20150728,910.038526672
509735a54607273699d6fb9496daccf4,20150729,904.021318427
509735a54607273699d6fb9496daccf4,20150730,898.109922802
509735a54607273699d6fb9496daccf4,20150731,892.300978955
509735a54607273699d6fb9496daccf4,20150801,886.591278749
509735a54607273699d6fb9496daccf4,20150802,880.977757791
509735a54607273699d6fb9496daccf4,20150803,875.45748711
509735a54607273699d6fb9496daccf4,20150804,870.027665424
509735a54607273699d6fb9496daccf4,20150805,864.685611946
509735a54607273699d6fb9496daccf4,20150806,859.428759682
509735a54607273699d6fb9496daccf4,20150807,854.254649186
509735a54607273699d6fb9496daccf4,20150808,849.160922734
509735a54607273699d6fb9496daccf4,20150809,844.145318881
509735a54607273699d6fb9496daccf4,20150810,839.205667373
509735a54607273699d6fb9496daccf4,20150811,834.33988439
509735a54607273699d6fb9496daccf4,20150812,829.545968094
509735a54607273699d6fb9496daccf4,20150813,824.821994449
509735a54607273699d6fb9496daccf4,20150814,820.166113308
509735a54607273699d6fb9496daccf4,20150815,815.576544741
509735a54607273699d6fb9496daccf4,20150816,811.051575581
509735a54607273699d6fb9496daccf4,20150817,806.589556182
509735a54607273699d6fb9496daccf4,20150818,802.188897369
509735a54607273699d6fb9496daccf4,20150819,797.848067563
509735a54607273699d6fb9496daccf4,20150820,793.565590077
509735a54607273699d6fb9496daccf4,20150821,789.34004057
509735a54607273699d6fb9496daccf4,20150822,785.170044636
509735a54607273699d6fb9496daccf4,20150823,781.054275539
509735a54607273699d6fb9496daccf4,20150824,776.991452066
509735a54607273699d6fb9496daccf4,20150825,772.980336506
509735a54607273699d6fb9496daccf4,20150826,769.01973273
509735a54607273699d6fb9496daccf4,20150827,765.10848438
509735a54607273699d6fb9496daccf4,20150828,761.245473156
509735a54607273699d6fb9496daccf4,20150829,757.42961719
509735a54607273699d6fb9496daccf4,20150830,753.659869503
509735a54607273699d6fb9496daccf4,20150831,749.93521655
509735a54607273699d6fb9496daccf4,20150901,746.25467683
509735a54607273699d6fb9496daccf4,20150902,742.617299574
509735a54607273699d6fb9496daccf4,20150903,739.022163493
509735a54607273699d6fb9496daccf4,20150904,735.468375596
509735a54607273699d6fb9496daccf4,20150905,731.955070056
509735a54607273699d6fb9496daccf4,20150906,728.481407141
509735a54607273699d6fb9496daccf4,20150907,725.046572189
509735a54607273699d6fb9496daccf4,20150908,721.649774642
509735a54607273699d6fb9496daccf4,20150909,718.290247112
509735a54607273699d6fb9496daccf4,20150910,714.967244504
509735a54607273699d6fb9496daccf4,20150911,711.680043175
509735a54607273699d6fb9496daccf4,20150912,708.427940128
509735a54607273699d6fb9496daccf4,20150913,705.210252248
509735a54607273699d6fb9496daccf4,20150914,702.026315573
509735a54607273699d6fb9496daccf4,20150915,698.875484594
509735a54607273699d6fb9496daccf4,20150916,695.75713159
509735a54607273699d6fb9496daccf4,20150917,692.67064599
509735a54607273699d6fb9496daccf4,20150918,689.615433762
509735a54607273699d6fb9496daccf4,20150919,686.590916836
509735a54607273699d6fb9496daccf4,20150920,683.596532539
509735a54607273699d6fb9496daccf4,20150921,680.631733069
509735a54607273699d6fb9496daccf4,20150922,677.695984979
509735a54607273699d6fb9496daccf4,20150923,674.788768688
509735a54607273699d6fb9496daccf4,20150924,671.909578016
509735a54607273699d6fb9496daccf4,20150925,669.05791973
509735a54607273699d6fb9496daccf4,20150926,666.233313117
509735a54607273699d6fb9496daccf4,20150927,663.435289567
509735a54607273699d6fb9496daccf4,20150928,660.663392179
509735a54607273699d6fb9496daccf4,20150929,657.91717538
509735a54607273699d6fb9496daccf4,20150930,655.196204558
509735a54607273699d6fb9496daccf4,20151001,652.500055715
509735a54607273699d6fb9496daccf4,20151002,649.828315125
509735a54607273699d6fb9496daccf4,20151003,647.180579011
509735a54607273699d6fb9496daccf4,20151004,644.556453236
509735a54607273699d6fb9496daccf4,20151005,641.955553004
509735a54607273699d6fb9496daccf4,20151006,639.377502568
509735a54607273699d6fb9496daccf4,20151007,636.821934954
509735a54607273699d6fb9496daccf4,20151008,634.288491698
509735a54607273699d6fb9496daccf4,20151009,631.776822584
509735a54607273699d6fb9496daccf4,20151010,629.2865854
509735a54607273699d6fb9496daccf4,20151011,626.8174457
509735a54607273699d6fb9496daccf4,20151012,624.369076572
509735a54607273699d6fb9496daccf4,20151013,621.941158421
509735a54607273699d6fb9496daccf4,20151014,619.53337875
509735a54607273699d6fb9496daccf4,20151015,617.14543196
509735a54607273699d6fb9496daccf4,20151016,614.77701915
509735a54607273699d6fb9496daccf4,20151017,612.427847923
509735a54607273699d6fb9496daccf4,20151018,610.097632207
509735a54607273699d6fb9496daccf4,20151019,607.786092073
509735a54607273699d6fb9496daccf4,20151020,605.492953561
509735a54607273699d6fb9496daccf4,20151021,603.217948521
509735a54607273699d6fb9496daccf4,20151022,600.960814447
509735a54607273699d6fb9496daccf4,20151023,598.721294323
509735a54607273699d6fb9496daccf4,20151024,596.499136476
509735a54607273699d6fb9496daccf4,20151025,594.294094427
509735a54607273699d6fb9496daccf4,20151026,592.105926756
509735a54607273699d6fb9496daccf4,20151027,589.934396964
509735a54607273699d6fb9496daccf4,20151028,587.77927334
509735a54607273699d6fb9496daccf4,20151029,585.640328842
509735a54607273699d6fb9496daccf4,20151030,583.517340964
300dde62b988fc83eb6dba1b702e9af3,20150521,27137.4782728
300dde62b988fc83eb6dba1b702e9af3,20150522,21600.0298164
300dde62b988fc83eb6dba1b702e9af3,20150523,18844.8468135
300dde62b988fc83eb6dba1b702e9af3,20150524,17081.294253
300dde62b988fc83eb6dba1b702e9af3,20150525,15812.3414212
300dde62b988fc83eb6dba1b702e9af3,20150526,14834.7596709
300dde62b988fc83eb6dba1b702e9af3,20150527,14047.099017
300dde62b988fc83eb6dba1b702e9af3,20150528,13391.9949964
300dde62b988fc83eb6dba1b702e9af3,20150529,12834.0993892
300dde62b988fc83eb6dba1b702e9af3,20150530,12350.211174
300dde62b988fc83eb6dba1b702e9af3,20150531,11924.3467268
300dde62b988fc83eb6dba1b702e9af3,20150601,11545.0639964
300dde62b988fc83eb6dba1b702e9af3,20150602,11203.9127748
300dde62b988fc83eb6dba1b702e9af3,20150603,10894.4890905
300dde62b988fc83eb6dba1b702e9af3,20150604,10611.8329172
300dde62b988fc83eb6dba1b702e9af3,20150605,10352.0305021
300dde62b988fc83eb6dba1b702e9af3,20150606,10111.9436377
300dde62b988fc83eb6dba1b702e9af3,20150607,9889.02043258
300dde62b988fc83eb6dba1b702e9af3,20150608,9681.15997559
300dde62b988fc83eb6dba1b702e9af3,20150609,9486.61357185
300dde62b988fc83eb6dba1b702e9af3,20150610,9303.91136896
300dde62b988fc83eb6dba1b702e9af3,20150611,9131.80696967
300dde62b988fc83eb6dba1b702e9af3,20150612,8969.23501939
300dde62b988fc83eb6dba1b702e9af3,20150613,8815.27830659
300dde62b988fc83eb6dba1b702e9af3,20150614,8669.14194155
300dde62b988fc83eb6dba1b702e9af3,20150615,8530.13287259
300dde62b988fc83eb6dba1b702e9af3,20150616,8397.64347691
300dde62b988fc83eb6dba1b702e9af3,20150617,8271.13829665
300dde62b988fc83eb6dba1b702e9af3,20150618,8150.1432282
300dde62b988fc83eb6dba1b702e9af3,20150619,8034.23664311
300dde62b988fc83eb6dba1b702e9af3,20150620,7923.04204356
300dde62b988fc83eb6dba1b702e9af3,20150621,7816.22194662
300dde62b988fc83eb6dba1b702e9af3,20150622,7713.47276047
300dde62b988fc83eb6dba1b702e9af3,20150623,7614.5204666
300dde62b988fc83eb6dba1b702e9af3,20150624,7519.11696166
300dde62b988fc83eb6dba1b702e9af3,20150625,7427.0369424
300dde62b988fc83eb6dba1b702e9af3,20150626,7338.07524027
300dde62b988fc83eb6dba1b702e9af3,20150627,7252.04453062
300dde62b988fc83eb6dba1b702e9af3,20150628,7168.77335542
300dde62b988fc83eb6dba1b702e9af3,20150629,7088.10440975
300dde62b988fc83eb6dba1b702e9af3,20150630,7009.89305118
300dde62b988fc83eb6dba1b702e9af3,20150701,6934.00599838
300dde62b988fc83eb6dba1b702e9af3,20150702,6860.32019112
300dde62b988fc83eb6dba1b702e9af3,20150703,6788.72178821
300dde62b988fc83eb6dba1b702e9af3,20150704,6719.10528417
300dde62b988fc83eb6dba1b702e9af3,20150705,6651.37272809
300dde62b988fc83eb6dba1b702e9af3,20150706,6585.43303102
300dde62b988fc83eb6dba1b702e9af3,20150707,6521.20135007
300dde62b988fc83eb6dba1b702e9af3,20150708,6458.59853954
300dde62b988fc83eb6dba1b702e9af3,20150709,6397.55066026
300dde62b988fc83eb6dba1b702e9af3,20150710,6337.98854027
300dde62b988fc83eb6dba1b702e9af3,20150711,6279.84738026
300dde62b988fc83eb6dba1b702e9af3,20150712,6223.06639873
300dde62b988fc83eb6dba1b702e9af3,20150713,6167.58851195
300dde62b988fc83eb6dba1b702e9af3,20150714,6113.36004489
300dde62b988fc83eb6dba1b702e9af3,20150715,6060.33046958
300dde62b988fc83eb6dba1b702e9af3,20150716,6008.45216784
300dde62b988fc83eb6dba1b702e9af3,20150717,5957.68021568
300dde62b988fc83eb6dba1b702e9af3,20150718,5907.9721872
300dde62b988fc83eb6dba1b702e9af3,20150719,5859.28797573
300dde62b988fc83eb6dba1b702e9af3,20150720,5811.58963061
300dde62b988fc83eb6dba1b702e9af3,20150721,5764.84120789
300dde62b988fc83eb6dba1b702e9af3,20150722,5719.00863363
300dde62b988fc83eb6dba1b702e9af3,20150723,5674.05957851
300dde62b988fc83eb6dba1b702e9af3,20150724,5629.96334265
300dde62b988fc83eb6dba1b702e9af3,20150725,5586.69074977
300dde62b988fc83eb6dba1b702e9af3,20150726,5544.21404958
300dde62b988fc83eb6dba1b702e9af3,20150727,5502.50682793
300dde62b988fc83eb6dba1b702e9af3,20150728,5461.54392375
300dde62b988fc83eb6dba1b702e9af3,20150729,5421.30135233
300dde62b988fc83eb6dba1b702e9af3,20150730,5381.75623432
300dde62b988fc83eb6dba1b702e9af3,20150731,5342.8867299
300dde62b988fc83eb6dba1b702e9af3,20150801,5304.67197785
300dde62b988fc83eb6dba1b702e9af3,20150802,5267.09203883
300dde62b988fc83eb6dba1b702e9af3,20150803,5230.12784274
300dde62b988fc83eb6dba1b702e9af3,20150804,5193.76113981
300dde62b988fc83eb6dba1b702e9af3,20150805,5157.97445488
300dde62b988fc83eb6dba1b702e9af3,20150806,5122.75104499
300dde62b988fc83eb6dba1b702e9af3,20150807,5088.07485961
300dde62b988fc83eb6dba1b702e9af3,20150808,5053.93050368
300dde62b988fc83eb6dba1b702e9af3,20150809,5020.30320291
300dde62b988fc83eb6dba1b702e9af3,20150810,4987.17877146
300dde62b988fc83eb6dba1b702e9af3,20150811,4954.54358154
300dde62b988fc83eb6dba1b702e9af3,20150812,4922.38453503
300dde62b988fc83eb6dba1b702e9af3,20150813,4890.68903684
300dde62b988fc83eb6dba1b702e9af3,20150814,4859.44496986
300dde62b988fc83eb6dba1b702e9af3,20150815,4828.64067149
300dde62b988fc83eb6dba1b702e9af3,20150816,4798.26491157
300dde62b988fc83eb6dba1b702e9af3,20150817,4768.30687157
300dde62b988fc83eb6dba1b702e9af3,20150818,4738.75612508
300dde62b988fc83eb6dba1b702e9af3,20150819,4709.60261938
300dde62b988fc83eb6dba1b702e9af3,20150820,4680.83665807
300dde62b988fc83eb6dba1b702e9af3,20150821,4652.44888472
300dde62b988fc83eb6dba1b702e9af3,20150822,4624.43026739
300dde62b988fc83eb6dba1b702e9af3,20150823,4596.77208409
300dde62b988fc83eb6dba1b702e9af3,20150824,4569.46590893
300dde62b988fc83eb6dba1b702e9af3,20150825,4542.5035991
300dde62b988fc83eb6dba1b702e9af3,20150826,4515.87728257
300dde62b988fc83eb6dba1b702e9af3,20150827,4489.57934636
300dde62b988fc83eb6dba1b702e9af3,20150828,4463.60242551
300dde62b988fc83eb6dba1b702e9af3,20150829,4437.93939259
300dde62b988fc83eb6dba1b702e9af3,20150830,4412.58334776
300dde62b988fc83eb6dba1b702e9af3,20150831,4387.52760933
300dde62b988fc83eb6dba1b702e9af3,20150901,4362.76570481
300dde62b988fc83eb6dba1b702e9af3,20150902,4338.29136243
300dde62b988fc83eb6dba1b702e9af3,20150903,4314.09850302
300dde62b988fc83eb6dba1b702e9af3,20150904,4290.18123236
300dde62b988fc83eb6dba1b702e9af3,20150905,4266.53383387
300dde62b988fc83eb6dba1b702e9af3,20150906,4243.15076165
300dde62b988fc83eb6dba1b702e9af3,20150907,4220.02663385
300dde62b988fc83eb6dba1b702e9af3,20150908,4197.15622639
300dde62b988fc83eb6dba1b702e9af3,20150909,4174.53446696
300dde62b988fc83eb6dba1b702e9af3,20150910,4152.15642924
300dde62b988fc83eb6dba1b702e9af3,20150911,4130.0173275
300dde62b988fc83eb6dba1b702e9af3,20150912,4108.11251136
300dde62b988fc83eb6dba1b702e9af3,20150913,4086.4374608
300dde62b988fc83eb6dba1b702e9af3,20150914,4064.98778145
300dde62b988fc83eb6dba1b702e9af3,20150915,4043.7592
300dde62b988fc83eb6dba1b702e9af3,20150916,4022.74755993
300dde62b988fc83eb6dba1b702e9af3,20150917,4001.94881728
300dde62b988fc83eb6dba1b702e9af3,20150918,3981.35903677
300dde62b988fc83eb6dba1b702e9af3,20150919,3960.97438794
300dde62b988fc83eb6dba1b702e9af3,20150920,3940.79114155
300dde62b988fc83eb6dba1b702e9af3,20150921,3920.80566609
300dde62b988fc83eb6dba1b702e9af3,20150922,3901.01442445
300dde62b988fc83eb6dba1b702e9af3,20150923,3881.41397075
300dde62b988fc83eb6dba1b702e9af3,20150924,3862.00094724
300dde62b988fc83eb6dba1b702e9af3,20150925,3842.77208141
300dde62b988fc83eb6dba1b702e9af3,20150926,3823.72418313
300dde62b988fc83eb6dba1b702e9af3,20150927,3804.854142
300dde62b988fc83eb6dba1b702e9af3,20150928,3786.15892471
300dde62b988fc83eb6dba1b702e9af3,20150929,3767.6355726
300dde62b988fc83eb6dba1b702e9af3,20150930,3749.28119924
300dde62b988fc83eb6dba1b702e9af3,20151001,3731.09298814
300dde62b988fc83eb6dba1b702e9af3,20151002,3713.06819054
300dde62b988fc83eb6dba1b702e9af3,20151003,3695.20412331
300dde62b988fc83eb6dba1b702e9af3,20151004,3677.49816688
300dde62b988fc83eb6dba1b702e9af3,20151005,3659.94776332
300dde62b988fc83eb6dba1b702e9af3,20151006,3642.55041442
300dde62b988fc83eb6dba1b702e9af3,20151007,3625.30367986
300dde62b988fc83eb6dba1b702e9af3,20151008,3608.20517553
300dde62b988fc83eb6dba1b702e9af3,20151009,3591.25257177
300dde62b988fc83eb6dba1b702e9af3,20151010,3574.44359178
300dde62b988fc83eb6dba1b702e9af3,20151011,3557.7760101
300dde62b988fc83eb6dba1b702e9af3,20151012,3541.247651
300dde62b988fc83eb6dba1b702e9af3,20151013,3524.85638716
300dde62b988fc83eb6dba1b702e9af3,20151014,3508.60013816
300dde62b988fc83eb6dba1b702e9af3,20151015,3492.47686918
300dde62b988fc83eb6dba1b702e9af3,20151016,3476.48458972
300dde62b988fc83eb6dba1b702e9af3,20151017,3460.62135228
300dde62b988fc83eb6dba1b702e9af3,20151018,3444.88525122
300dde62b988fc83eb6dba1b702e9af3,20151019,3429.27442153
300dde62b988fc83eb6dba1b702e9af3,20151020,3413.78703774
300dde62b988fc83eb6dba1b702e9af3,20151021,3398.4213128
300dde62b988fc83eb6dba1b702e9af3,20151022,3383.17549705
300dde62b988fc83eb6dba1b702e9af3,20151023,3368.04787718
300dde62b988fc83eb6dba1b702e9af3,20151024,3353.03677528
300dde62b988fc83eb6dba1b702e9af3,20151025,3338.14054783
300dde62b988fc83eb6dba1b702e9af3,20151026,3323.35758484
300dde62b988fc83eb6dba1b702e9af3,20151027,3308.68630891
300dde62b988fc83eb6dba1b702e9af3,20151028,3294.12517441
300dde62b988fc83eb6dba1b702e9af3,20151029,3279.67266663
300dde62b988fc83eb6dba1b702e9af3,20151030,3265.32730096
1731019fbaa825714d5f8e61ad1bb7ff,20150531,2543.17420701
1731019fbaa825714d5f8e61ad1bb7ff,20150601,2076.76456655
1731019fbaa825714d5f8e61ad1bb7ff,20150602,1844.70030015
1731019fbaa825714d5f8e61ad1bb7ff,20150603,1696.15933906
1731019fbaa825714d5f8e61ad1bb7ff,20150604,1589.27765182
1731019fbaa825714d5f8e61ad1bb7ff,20150605,1506.93764337
1731019fbaa825714d5f8e61ad1bb7ff,20150606,1440.59435813
1731019fbaa825714d5f8e61ad1bb7ff,20150607,1385.4160873
1731019fbaa825714d5f8e61ad1bb7ff,20150608,1338.42551183
1731019fbaa825714d5f8e61ad1bb7ff,20150609,1297.66845012
1731019fbaa825714d5f8e61ad1bb7ff,20150610,1261.79862934
1731019fbaa825714d5f8e61ad1bb7ff,20150611,1229.85230545
1731019fbaa825714d5f8e61ad1bb7ff,20150612,1201.11773214
1731019fbaa825714d5f8e61ad1bb7ff,20150613,1175.05551404
1731019fbaa825714d5f8e61ad1bb7ff,20150614,1151.24787679
1731019fbaa825714d5f8e61ad1bb7ff,20150615,1129.36517179
1731019fbaa825714d5f8e61ad1bb7ff,20150616,1109.14307329
1731019fbaa825714d5f8e61ad1bb7ff,20150617,1090.36663993
1731019fbaa825714d5f8e61ad1bb7ff,20150618,1072.85891561
1731019fbaa825714d5f8e61ad1bb7ff,20150619,1056.47261081
1731019fbaa825714d5f8e61ad1bb7ff,20150620,1041.08392242
1731019fbaa825714d5f8e61ad1bb7ff,20150621,1026.58786858
1731019fbaa825714d5f8e61ad1bb7ff,20150622,1012.89471631
1731019fbaa825714d5f8e61ad1bb7ff,20150623,999.927210494
1731019fbaa825714d5f8e61ad1bb7ff,20150624,987.618398951
1731019fbaa825714d5f8e61ad1bb7ff,20150625,975.909907146
1731019fbaa825714d5f8e61ad1bb7ff,20150626,964.750556068
1731019fbaa825714d5f8e61ad1bb7ff,20150627,954.095245033
1731019fbaa825714d5f8e61ad1bb7ff,20150628,943.90404112
1731019fbaa825714d5f8e61ad1bb7ff,20150629,934.1414313
1731019fbaa825714d5f8e61ad1bb7ff,20150630,924.775703816
1731019fbaa825714d5f8e61ad1bb7ff,20150701,915.77843307
1731019fbaa825714d5f8e61ad1bb7ff,20150702,907.12404805
1731019fbaa825714d5f8e61ad1bb7ff,20150703,898.789468654
1731019fbaa825714d5f8e61ad1bb7ff,20150704,890.753797571
1731019fbaa825714d5f8e61ad1bb7ff,20150705,882.998057899
1731019fbaa825714d5f8e61ad1bb7ff,20150706,875.504968648
1731019fbaa825714d5f8e61ad1bb7ff,20150707,868.258751789
1731019fbaa825714d5f8e61ad1bb7ff,20150708,861.244965712
1731019fbaa825714d5f8e61ad1bb7ff,20150709,854.450360897
1731019fbaa825714d5f8e61ad1bb7ff,20150710,847.862754363
1731019fbaa825714d5f8e61ad1bb7ff,20150711,841.470920057
1731019fbaa825714d5f8e61ad1bb7ff,20150712,835.264492829
1731019fbaa825714d5f8e61ad1bb7ff,20150713,829.233884035
1731019fbaa825714d5f8e61ad1bb7ff,20150714,823.370207132
1731019fbaa825714d5f8e61ad1bb7ff,20150715,817.665211884
1731019fbaa825714d5f8e61ad1bb7ff,20150716,812.111226028
1731019fbaa825714d5f8e61ad1bb7ff,20150717,806.701103396
1731019fbaa825714d5f8e61ad1bb7ff,20150718,801.428177683
1731019fbaa825714d5f8e61ad1bb7ff,20150719,796.286221121
1731019fbaa825714d5f8e61ad1bb7ff,20150720,791.269407477
1731019fbaa825714d5f8e61ad1bb7ff,20150721,786.372278818
1731019fbaa825714d5f8e61ad1bb7ff,20150722,781.589715623
1731019fbaa825714d5f8e61ad1bb7ff,20150723,776.916909829
1731019fbaa825714d5f8e61ad1bb7ff,20150724,772.349340483
1731019fbaa825714d5f8e61ad1bb7ff,20150725,767.882751702
1731019fbaa825714d5f8e61ad1bb7ff,20150726,763.513132688
1731019fbaa825714d5f8e61ad1bb7ff,20150727,759.236699573
1731019fbaa825714d5f8e61ad1bb7ff,20150728,755.049878896
1731019fbaa825714d5f8e61ad1bb7ff,20150729,750.949292544
1731019fbaa825714d5f8e61ad1bb7ff,20150730,746.931743997
1731019fbaa825714d5f8e61ad1bb7ff,20150731,742.994205761
1731019fbaa825714d5f8e61ad1bb7ff,20150801,739.133807845
1731019fbaa825714d5f8e61ad1bb7ff,20150802,735.347827207
1731019fbaa825714d5f8e61ad1bb7ff,20150803,731.633678051
1731019fbaa825714d5f8e61ad1bb7ff,20150804,727.988902907
1731019fbaa825714d5f8e61ad1bb7ff,20150805,724.41116442
1731019fbaa825714d5f8e61ad1bb7ff,20150806,720.89823777
1731019fbaa825714d5f8e61ad1bb7ff,20150807,717.448003685
1731019fbaa825714d5f8e61ad1bb7ff,20150808,714.058441974
1731019fbaa825714d5f8e61ad1bb7ff,20150809,710.727625548
1731019fbaa825714d5f8e61ad1bb7ff,20150810,707.453714879
1731019fbaa825714d5f8e61ad1bb7ff,20150811,704.234952862
1731019fbaa825714d5f8e61ad1bb7ff,20150812,701.06966004
1731019fbaa825714d5f8e61ad1bb7ff,20150813,697.956230174
1731019fbaa825714d5f8e61ad1bb7ff,20150814,694.893126116
1731019fbaa825714d5f8e61ad1bb7ff,20150815,691.878875964
1731019fbaa825714d5f8e61ad1bb7ff,20150816,688.912069487
1731019fbaa825714d5f8e61ad1bb7ff,20150817,685.991354779
1731019fbaa825714d5f8e61ad1bb7ff,20150818,683.115435138
1731019fbaa825714d5f8e61ad1bb7ff,20150819,680.283066154
1731019fbaa825714d5f8e61ad1bb7ff,20150820,677.493052976
1731019fbaa825714d5f8e61ad1bb7ff,20150821,674.744247761
1731019fbaa825714d5f8e61ad1bb7ff,20150822,672.035547276
1731019fbaa825714d5f8e61ad1bb7ff,20150823,669.365890658
1731019fbaa825714d5f8e61ad1bb7ff,20150824,666.734257305
1731019fbaa825714d5f8e61ad1bb7ff,20150825,664.139664897
1731019fbaa825714d5f8e61ad1bb7ff,20150826,661.581167536
1731019fbaa825714d5f8e61ad1bb7ff,20150827,659.057853996
1731019fbaa825714d5f8e61ad1bb7ff,20150828,656.56884608
1731019fbaa825714d5f8e61ad1bb7ff,20150829,654.113297063
1731019fbaa825714d5f8e61ad1bb7ff,20150830,651.690390235
1731019fbaa825714d5f8e61ad1bb7ff,20150831,649.299337521
1731019fbaa825714d5f8e61ad1bb7ff,20150901,646.939378176
1731019fbaa825714d5f8e61ad1bb7ff,20150902,644.609777561
1731019fbaa825714d5f8e61ad1bb7ff,20150903,642.309825978
1731019fbaa825714d5f8e61ad1bb7ff,20150904,640.038837574
1731019fbaa825714d5f8e61ad1bb7ff,20150905,637.7961493
1731019fbaa825714d5f8e61ad1bb7ff,20150906,635.581119929
1731019fbaa825714d5f8e61ad1bb7ff,20150907,633.393129123
1731019fbaa825714d5f8e61ad1bb7ff,20150908,631.23157655
1731019fbaa825714d5f8e61ad1bb7ff,20150909,629.095881049
1731019fbaa825714d5f8e61ad1bb7ff,20150910,626.985479834
1731019fbaa825714d5f8e61ad1bb7ff,20150911,624.899827737
1731019fbaa825714d5f8e61ad1bb7ff,20150912,622.838396499
1731019fbaa825714d5f8e61ad1bb7ff,20150913,620.80067408
1731019fbaa825714d5f8e61ad1bb7ff,20150914,618.786164023
1731019fbaa825714d5f8e61ad1bb7ff,20150915,616.794384828
1731019fbaa825714d5f8e61ad1bb7ff,20150916,614.824869374
1731019fbaa825714d5f8e61ad1bb7ff,20150917,612.877164359
1731019fbaa825714d5f8e61ad1bb7ff,20150918,610.950829766
1731019fbaa825714d5f8e61ad1bb7ff,20150919,609.045438363
1731019fbaa825714d5f8e61ad1bb7ff,20150920,607.160575215
1731019fbaa825714d5f8e61ad1bb7ff,20150921,605.295837229
1731019fbaa825714d5f8e61ad1bb7ff,20150922,603.450832711
1731019fbaa825714d5f8e61ad1bb7ff,20150923,601.625180948
1731019fbaa825714d5f8e61ad1bb7ff,20150924,599.818511809
1731019fbaa825714d5f8e61ad1bb7ff,20150925,598.030465362
1731019fbaa825714d5f8e61ad1bb7ff,20150926,596.260691508
1731019fbaa825714d5f8e61ad1bb7ff,20150927,594.508849634
1731019fbaa825714d5f8e61ad1bb7ff,20150928,592.774608277
1731019fbaa825714d5f8e61ad1bb7ff,20150929,591.057644805
1731019fbaa825714d5f8e61ad1bb7ff,20150930,589.357645108
1731019fbaa825714d5f8e61ad1bb7ff,20151001,587.674303313
1731019fbaa825714d5f8e61ad1bb7ff,20151002,586.007321495
1731019fbaa825714d5f8e61ad1bb7ff,20151003,584.356409413
1731019fbaa825714d5f8e61ad1bb7ff,20151004,582.721284249
1731019fbaa825714d5f8e61ad1bb7ff,20151005,581.101670365
1731019fbaa825714d5f8e61ad1bb7ff,20151006,579.497299063
1731019fbaa825714d5f8e61ad1bb7ff,20151007,577.907908359
1731019fbaa825714d5f8e61ad1bb7ff,20151008,576.333242764
1731019fbaa825714d5f8e61ad1bb7ff,20151009,574.773053072
1731019fbaa825714d5f8e61ad1bb7ff,20151010,573.227096167
1731019fbaa825714d5f8e61ad1bb7ff,20151011,571.695134819
1731019fbaa825714d5f8e61ad1bb7ff,20151012,570.176937506
1731019fbaa825714d5f8e61ad1bb7ff,20151013,568.672278232
1731019fbaa825714d5f8e61ad1bb7ff,20151014,567.180936356
1731019fbaa825714d5f8e61ad1bb7ff,20151015,565.702696427
1731019fbaa825714d5f8e61ad1bb7ff,20151016,564.237348024
1731019fbaa825714d5f8e61ad1bb7ff,20151017,562.784685607
1731019fbaa825714d5f8e61ad1bb7ff,20151018,561.344508362
1731019fbaa825714d5f8e61ad1bb7ff,20151019,559.916620069
1731019fbaa825714d5f8e61ad1bb7ff,20151020,558.500828956
1731019fbaa825714d5f8e61ad1bb7ff,20151021,557.096947576
1731019fbaa825714d5f8e61ad1bb7ff,20151022,555.704792673
1731019fbaa825714d5f8e61ad1bb7ff,20151023,554.324185063
1731019fbaa825714d5f8e61ad1bb7ff,20151024,552.954949518
1731019fbaa825714d5f8e61ad1bb7ff,20151025,551.59691465
1731019fbaa825714d5f8e61ad1bb7ff,20151026,550.2499128
1731019fbaa825714d5f8e61ad1bb7ff,20151027,548.913779935
1731019fbaa825714d5f8e61ad1bb7ff,20151028,547.588355546
1731019fbaa825714d5f8e61ad1bb7ff,20151029,546.273482546
1731019fbaa825714d5f8e61ad1bb7ff,20151030,544.969007179
