artist_id,max_day,min_day,max_type,min_type
22729f39e1b703d30bf5a35ea704c645,1.38461538462,2.99111109157,0.0,0.0
3e8b79535167b7d0b2617acac945629b,1.624516314,2.40069023605,0.266469355011,0.461538461538
400093929d1d6f8c65208c7dc8dcc461,1.21138582677,0.461538461538,0.0,0.461538461538
78b775ea3d045cd5483bfc3681ee686b,0.0,2.46153846154,0.0,0.360801212294
67ed1f7f1374e64a93bfca4b44f66dd6,0.929465074892,2.12619614786,0.0,0.498518515262
a0f3f6b9b6ddcd6e2d4e4bf0d4ca52ba,1.64622573531,2.16207220347,0.360801212294,0.421325044235
8f16c6f4fb165d9f394b69832e134a50,1.33234677505,1.7269187939,0.266469355011,0.486504255411
03c6699ea836decbc5c8fc2dbae7bd3b,1.73375810301,2.09818179954,0.360801212294,0.486504255411
fa20c17a693efca77546a7e517bad957,0.769230769231,2.99111109157,0.0,0.0
2e3c25d193097f05e29f5c3f0d6ea68c,1.51129866957,2.43738146427,0.360801212294,0.486504255411
223c228cc0e7be7c04b3e97777758310,1.84615384615,2.24003381209,0.421325044235,0.498518515262
a179a21d050bf0c74ae1e3bb187f1c78,1.49555554579,1.92768678248,0.421325044235,0.461538461538
eacd66cab3507a8e214b676120ba484a,1.67119699865,0.360801212294,0.266469355011,0.360801212294
ffd47cf9cb66d226575336f0fa42ae25,1.53846153846,1.81381940347,0.360801212294,0.498518515262
7c07d033250580797533fcc34ea6f323,0.99108451744,2.52795026541,0.0,0.0
cad19beec0a14e23664c1061c37cb8cc,1.21626063853,2.09818179954,0.266469355011,0.461538461538
8a708f01b96c7bc84d0e898671dbdede,1.7269187939,2.14282896572,0.421325044235,0.486504255411
2bc52f5bde454d69ea3d99a482e74741,2.06119400107,2.05544449475,0.461538461538,0.498518515262
e5c3f19e01fe86d1b906d1d9ce87524b,1.61721508013,2.40069023605,0.266469355011,0.486504255411
df4f45e1f262d98b636df9a7f0efc628,0.863459396948,2.69340636923,0.0,0.421325044235
b51d6d4f88114f7bcf3415ee8275a195,1.14612803275,2.93116290512,0.0,0.266469355011
bca96f704ff8144dd59555f0b2943ca2,0.916644252909,2.91902553246,0.0,0.266469355011
50a74081a0dbc781753b3ffd2f29febb,0.960768922831,2.99111109157,0.0,0.0
d19bc79f41a8b463d2ed84791f1af243,0.0,2.91902553246,0.0,0.0
ed061b4d7adda6fc890dcd69a04026b2,1.68178546993,2.67134697757,0.360801212294,0.461538461538
a33e7a7797851c0488c0144a51ebb62d,1.70276489394,2.51621957443,0.266469355011,0.461538461538
275ed5cc495cf66b4a6ebdc595938d23,1.89985985157,1.93687358646,0.421325044235,0.360801212294
1731019fbaa825714d5f8e61ad1bb7ff,1.68880756924,1.88107988625,0.360801212294,0.421325044235
8672d66a3e2b8a37d2bbcd376fe1f72c,2.35339362166,1.8235799371,0.486504255411,0.360801212294
e675474f625dd8155171277e6d548b40,2.01473859288,2.36593176911,0.461538461538,0.498518515262
d72c439dcb3c182edfc8cab9dc8ad55e,0.0,1.7371676601,0.0,0.421325044235
fa04a2ed249373d042846200c5d290f0,1.70276489394,2.08119219361,0.421325044235,0.486504255411
e17f9fd16f6b97aec8a63b22c28f55a1,1.57645396399,2.32557176274,0.266469355011,0.461538461538
e191022849cb97cc54e4ed6c444499c5,2.34835961884,1.99407406105,0.498518515262,0.421325044235
4a7b74f516e6a0a422a60c9b7206ad66,1.0986812967,1.93687358646,0.0,0.486504255411
4df859f530ef31fda1d03dbbe8e5c1da,1.2917581249,2.88230676849,0.0,0.266469355011
be0c7a23c2aa9afb45163995b9ec938c,1.76084971419,2.76281307632,0.360801212294,0.360801212294
ded7c8c6f293b610fc985236be3858d4,1.47564046871,2.76281307632,0.266469355011,0.421325044235
a8be459495acb9c63699c4fe875c8a5c,0.948371385072,2.52795026541,0.0,0.0
efbc9605437affb7f326a30a452085e7,1.7269187939,2.03809866146,0.266469355011,0.461538461538
78234fe0606fb47bdb39f74b583b555c,1.83328850582,1.624516314,0.421325044235,0.266469355011
550f217a3fb592a318faf2600f09998a,1.86211052876,2.09818179954,0.360801212294,0.486504255411
54bf8835edb9b1b45b702f5571af4366,1.68178546993,2.27411469217,0.461538461538,0.498518515262
d7a4372b813f555ee25352731e8df17e,0.923076923077,1.59881613006,0.0,0.0
9bc3a59db1585dc8e81d5beb2e872f62,1.51910905063,2.46634146798,0.0,0.360801212294
c0c28c3626073560ca763eb1ec60d9c0,2.49259257631,1.26864788481,0.461538461538,0.0
f0645cc7dc8b39fc87c8d8c6395ac587,1.33234677505,1.79083795797,0.421325044235,0.461538461538
1d061421ed4fce7ed18d87c7d3468486,0.948371385072,2.86996278557,0.266469355011,0.266469355011
110fc5bcbd0cecc09e365f58349aa60f,1.2917581249,0.634323942403,0.266469355011,0.486504255411
0e95d6357b6b6e657655bf84f056036a,1.7269187939,2.7065557055,0.266469355011,0.421325044235
f3ac3e9860879f16c86a26c37225ec3c,1.2639751327,2.99111109157,0.0,0.0
7ad4fb6ae5c78cf9d62f8b2abb239275,2.0953597649,2.40315374643,0.461538461538,0.486504255411
56e69bb2a81449f1f76bcf1647816ffa,0.532938710021,2.46394113508,0.0,0.461538461538
b56689f01bc9febd785aba53ac37a14f,1.36741452574,2.76923076923,0.0,0.0
9776196e4aaf50d5ce86b713f4a81679,1.06587742004,2.52795026541,0.0,0.266469355011
fa57bed762b9a19dfef8d3e71d88cbe2,1.60988073357,2.49496534465,0.0,0.421325044235
848fd0b05e0900730681f718de3f87a9,1.06587742004,2.67134697757,0.0,0.421325044235
11103f1cdccbacfcd1ae4fbf58497abf,0.923076923077,1.69230769231,0.0,0.498518515262
ae8eceea4607ba778dbee95df48ba833,1.42255707761,2.55356810349,0.266469355011,0.486504255411
f0bbf326690a4fdaf9a5f9c77e95cfac,2.10662522117,1.85893014978,0.486504255411,0.461538461538
a0c0233f8d83a6675f7fdfd7d0961d04,1.68178546993,2.49733585858,0.360801212294,0.486504255411
6c520f3f1df2048017a1c1019789d981,2.21346070307,1.98216903488,0.486504255411,0.421325044235
c1ce6f79ee2b51f67a05294db17c9a62,1.68530017694,1.91536916892,0.421325044235,0.461538461538
a65476c9b1567a215169589bc67157ea,1.60988073357,2.7065557055,0.266469355011,0.421325044235
727f6fa9f485969167bed0bb224fadb8,1.23076923077,2.50679549797,0.0,0.360801212294
add024fda52099022ce9725b5746f103,1.80400606147,2.38089039085,0.486504255411,0.486504255411
b840437a697cf62e51969a6ce8135d9b,1.7371676601,2.66469355011,0.360801212294,0.266469355011
f15926466af3222f77aad371a23cd3f1,1.40582052942,2.63117405792,0.360801212294,0.461538461538
898d91754105d87b8581522b5d9bfee1,1.59139698966,2.80109868554,0.360801212294,0.421325044235
fd0ebe95cf550ca044cf225a90ee36ba,1.32343465647,1.84615384615,0.421325044235,0.486504255411
6a493121e53d83f9e119b02942d7c8fe,0.421325044235,1.36741452574,0.0,0.360801212294
6cbcdd32720882c077604065a09fb505,1.68178546993,2.27411469217,0.360801212294,0.498518515262
5969ae16f49fd7341b9f123cfcffcc1b,1.21626063853,2.16480727376,0.0,0.0
c086f93a1d0fc02d7386e79dceae9d7a,1.34999452114,2.18926914935,0.360801212294,0.461538461538
7936e1a5c817767e4d825f3aed4b6d40,1.3931361751,1.93687358646,0.266469355011,0.486504255411
adf1ae66b8a513e14c18c9f329541084,2.16207220347,2.27151124004,0.461538461538,0.498518515262
ccbeba76370bdca703b617cd5a6fcdc9,1.24034734589,2.86996278557,0.0,0.266469355011
f71664413c9d28b7eaae96f16d5beb50,2.00590843237,1.91536916892,0.498518515262,0.360801212294
b9ae3b874a7cd8ebdf0d7a799180c18f,1.83973242202,1.64262742339,0.461538461538,0.486504255411
0dfd92640f8486a5dc60c80dea069a05,1.81707874016,1.9399261866,0.421325044235,0.0
decc1463d914f7b94972f7c6df1fbe62,1.79743406855,2.79051648419,0.266469355011,0.360801212294
a9bac1f3f8265955bbf60516d82df902,1.76084971419,2.12897730817,0.421325044235,0.461538461538
b549a3421c0d1d99af2fc48931f57456,1.54995705228,2.65579638487,0.266469355011,0.360801212294
3eecd09d11b18d55aeba2c58df0c3797,0.0,2.91902553246,0.0,0.0
5803d95fd23c0e56b3bfe52e99239e6b,1.2917581249,2.44465362801,0.0,0.421325044235
9f69ffd8852196e02cfa19b5cd9bc432,1.5268794801,2.68900896815,0.266469355011,0.461538461538
5ce35e3085934e1621766ba766437754,1.78089798504,2.24794449172,0.421325044235,0.486504255411
347128e857f7e08a4a92d09cc862716e,1.60988073357,2.61990559476,0.266469355011,0.421325044235
570d79b69c67e77ce4891bb3ba4e8353,1.7269187939,2.64463283656,0.360801212294,0.421325044235
6f462b173b2d6d20a2c9fb1ec0fd2dda,1.87477809338,1.68880756924,0.461538461538,0.498518515262
d00471775057a2db635b694ca5ccfe5d,0.863459396948,2.59722200248,0.0,0.461538461538
63ec2af8114ff9ff5d51390c663eac84,1.38888231425,2.76067052999,0.266469355011,0.360801212294
3229ed9301ae8d36536ddcd783529dd6,1.47564046871,2.86996278557,0.0,0.266469355011
509735a54607273699d6fb9496daccf4,1.79083795797,1.80400606147,0.360801212294,0.360801212294
d1516413770f1509832f17c0a73a5425,1.46759877141,2.3734228647,0.360801212294,0.498518515262
af50023d1ac6014f198d21bf61fa3056,1.7269187939,1.66410058868,0.266469355011,0.486504255411
e11b44d7fc2b289e9053cb212d17f0b4,1.624516314,1.96116135138,0.360801212294,0.486504255411
63445bc500caf3ce9bf7c152a36e2ef0,1.00295421619,2.73049836143,0.0,0.266469355011
463986e37cf1db5789a70fdd541292df,1.59881613006,2.66469355011,0.0,0.360801212294
c2f123f8b8626e479859d62c12ff882f,2.32557176274,1.83973242202,0.498518515262,0.421325044235
1434b7f22c1552e62bc294ea4ea89999,1.00883669605,2.93116290512,0.0,0.266469355011
b571d58aeb263b9bc2f7ab3f7088e314,1.38888231425,2.55819833051,0.0,0.461538461538
4bcb4432a48502e558ec38287200fb8a,1.53846153846,1.85893014978,0.266469355011,0.360801212294
7f48a3a91f9893195e1d3d52e27368bc,1.65697378681,2.16480727376,0.360801212294,0.266469355011
b907ed938d7a78bdc69310dac576d967,1.43909899491,2.51621957443,0.266469355011,0.461538461538
2e6f8e634b824d2a642a69869c90c11d,1.68530017694,2.20274170204,0.360801212294,0.486504255411
fd6102b5ee89506c1dc7dddd18175e4f,1.5268794801,2.88230676849,0.266469355011,0.266469355011
dfe336b323971a6927025004e6775d26,0.0,2.8430336327,0.0,0.360801212294
cf91fed0d572cb1a1a541b3e88905930,1.2917581249,2.52795026541,0.0,0.0
c026a9647475d2e122141c97b825a637,1.13575562002,2.89459811111,0.0,0.266469355011
047e692906834bd3c24f99cdf11a3993,1.57645396399,2.57663603453,0.266469355011,0.461538461538
4f17b757d08eb5dcd6ccf7c3300655db,2.23474446867,1.23076923077,0.498518515262,0.266469355011
8ce69d477ff6f1f7242ba0e941a53508,1.2639751327,2.73049836143,0.0,0.266469355011
55f43349ffca0fcc72532eb1c075a02e,1.48762150814,2.76281307632,0.266469355011,0.360801212294
6264a71615da8c6a317902e2ec2bf670,0.916644252909,1.43498139278,0.360801212294,0.461538461538
76e5916bb2b6201c64d662c2063896c4,1.44729905556,2.18926914935,0.266469355011,0.360801212294
06c5a82c2017d6a670753c46ef3a9f60,1.04909089977,2.76923076923,0.0,0.266469355011
45393cc48301f99566561bd13cdfb7ff,0.0,1.36741452574,0.0,0.266469355011
5dbd0882d237a4830436a7f7986e59ab,2.13452875777,2.05256370217,0.486504255411,0.461538461538
01f779574de9abd3ffb33b4286b5cc6b,1.66410058868,2.43252127705,0.0,0.498518515262
c13c5077f85f0f708466c18ab6fd685a,1.54613471094,2.6176460811,0.0,0.461538461538
86f0b27eb28163da194c4b8f1ebae70c,1.49555554579,2.58580558676,0.266469355011,0.421325044235
292241b59e207806d004fbb17f58368e,1.7709022205,2.24003381209,0.421325044235,0.498518515262
eb67be2dbb8f1b6749f5c867f8e0e4b1,1.91536916892,2.03809866146,0.486504255411,0.498518515262
340e46b05280d7861107ac7f0df70a8d,1.36741452574,2.52326453336,0.266469355011,0.486504255411
340dfcff2398b5d1a8c83e17ca328d65,1.83328850582,1.69230769231,0.421325044235,0.486504255411
6f1a2eabf040ff045b5d058a1b305fa1,1.73034182757,2.06119400107,0.421325044235,0.486504255411
db84cee622f20918780c589c4111e533,1.27794213276,2.12897730817,0.0,0.360801212294
74dcfd1d08c7020fd1715f5acd3c520d,1.7709022205,2.20542633644,0.421325044235,0.498518515262
c9ac185cb6b081930784a34f847ab039,1.70276489394,2.06119400107,0.421325044235,0.498518515262
cc66bab9a55569d761275df0706f3dc5,1.68178546993,1.76084971419,0.486504255411,0.498518515262
f6ee7c4e49b9414d95d93a36beedc8a2,1.59511087333,2.32557176274,0.360801212294,0.498518515262
f79c8a31b2776430c83c32b87028f0d4,2.27151124004,1.67119699865,0.498518515262,0.360801212294
09e4b610fc6265882e9f3797b64d6280,1.624516314,2.58351624981,0.360801212294,0.486504255411
6bd5ba4ea00af0509268f8842ce7bb04,1.61721508013,1.80400606147,0.461538461538,0.461538461538
1b890efddbee3a159f106c01dc7c5843,1.60988073357,1.90607872206,0.461538461538,0.421325044235
c79c325f6a8ae70d74b208760b955112,2.2000537917,1.74735641409,0.461538461538,0.360801212294
a6db766f12f0abbd2d72e43020238c91,1.85574432028,2.27411469217,0.421325044235,0.498518515262
fe9892cc48d1d5fd0e38c3ea592bc45c,1.44320484918,1.59881613006,0.0,0.0
c18b04c7283ac3ece0a1eb6e614e6605,1.60988073357,2.67356110723,0.360801212294,0.360801212294
c92e399029adb70d16caf3ef35bb7835,1.35873244097,2.76067052999,0.0,0.360801212294
862b53200cca8e15a4be8f2aec39edd6,1.59511087333,2.4997041245,0.266469355011,0.266469355011
d5b34649b4a67098ffdc985256d8e0b4,1.57645396399,2.13175484008,0.266469355011,0.461538461538
2ec1450a1389d4e3fc2a9a76c9378bb3,1.77424039918,1.92768678248,0.360801212294,0.461538461538
905af06c5c819f1f20c2a1971a05d720,1.33678055361,2.36843143359,0.266469355011,0.498518515262
bf21d16799b240d6e445fa30472bd50b,1.7371676601,2.49733585858,0.360801212294,0.486504255411
cedc4cb5c36bcb554153d50397724e96,0.948371385072,2.86996278557,0.0,0.266469355011
89fb81631104c38d8eef4bfcb2c60230,1.27794213276,2.6779838747,0.0,0.461538461538
c49c31c98966680f6b03308e9476dc18,1.77757230897,2.58351624981,0.421325044235,0.486504255411
721bc4166871ada37a812c0fe5bf178b,1.48762150814,2.2188007849,0.266469355011,0.486504255411
4081a817614d3772d0f339c2825b22b1,1.59881613006,1.92153784566,0.266469355011,0.486504255411
d97531062a6aee3856e52b7d9d410d29,0.929465074892,2.99111109157,0.0,0.0
5e9d96943d51dfd028436a0708ff6b24,1.17669681083,2.55819833051,0.266469355011,0.461538461538
7bb677cd40e72b9ae7b1e404adfbb714,1.49555554579,1.92768678248,0.266469355011,0.461538461538
9d1d70c8b64e06b4949d469d14a85f2c,1.69230769231,2.08119219361,0.360801212294,0.498518515262
f9991c34509be9ffcf7a375ddcb88c92,1.73375810301,2.17843111669,0.421325044235,0.498518515262
291aaab70bd3a4d3aa3137a2c2c8ffc5,1.3931361751,2.84511415522,0.266469355011,0.266469355011
a41bb0a8cfc58c72e742a283922fe8c6,2.27411469217,1.3931361751,0.498518515262,0.421325044235
33fd0a2cfcfd24e114707bba71ca1de9,1.49159380228,2.55819833051,0.266469355011,0.498518515262
847a863dfc8396dbada6c9d3363f1266,1.97618962749,1.30995279738,0.486504255411,0.266469355011
ea54c653466d6d64d1a39e7be7731234,0.863459396948,2.72181630969,0.0,0.360801212294
f23873773a10b516076e72cf3f51f1d3,1.43498139278,2.67134697757,0.0,0.461538461538
7e0db58c13d033dafe5f5e1e70ff7eb4,1.30088727118,2.67356110723,0.266469355011,0.360801212294
bc14447beab5353ef057c3ec90199576,0.615384615385,1.7371676601,0.0,0.498518515262
e97361aa5463636e701f7669f436cab5,1.45951276623,2.67134697757,0.0,0.360801212294
db1ce923ef407c5ca1ddfd357e45b64a,0.821313711695,2.82842712475,0.266469355011,0.360801212294
da447c6ea0fc453cfbf483d543e22c5a,1.63540704811,1.79083795797,0.266469355011,0.486504255411
f26e47c66c139bd6e29560fcfc731f09,1.5268794801,2.38089039085,0.360801212294,0.461538461538
e53afc5b810c1230e5cd128c29fc7312,1.67119699865,2.46634146798,0.266469355011,0.360801212294
ca3e42dfdb7529d540141548674bc63e,1.24985206225,2.79051648419,0.266469355011,0.360801212294
9bc1528c1e692d918f6f323907f8ed7a,1.30995279738,2.83260809839,0.0,0.266469355011
cbc53d8b2da2e34974c29b7fc6534444,1.49159380228,2.76067052999,0.0,0.360801212294
f2b031a7549b902d3a99400744a7651d,1.14612803275,2.76923076923,0.0,0.266469355011
2f1aad5f2ea6da9b2d7a9577f06c9ffb,1.41421356237,2.91902553246,0.0,0.0
c5e904800f4ed1126e88e8b0a7beb506,1.47564046871,2.36593176911,0.0,0.421325044235
c34f751524776063c5ef8d4d4ebd1d19,1.61721508013,2.27151124004,0.266469355011,0.498518515262
edda9e94df8b70ed39e9a589e96c17ce,1.73375810301,2.55356810349,0.360801212294,0.486504255411
a68c4e6ed4a6d1b46311c8d6c444894f,1.36741452574,1.77757230897,0.266469355011,0.498518515262
6d85b7be5eaab7de6c250113b3ee775b,1.86211052876,2.06119400107,0.421325044235,0.486504255411
3db4fd808cc42cb3a6acb5f0c0c7bb29,1.76084971419,1.5876744185,0.266469355011,0.421325044235
d7e9e8e499d331a0c0f505fa04618f91,1.49950682228,2.30769230769,0.266469355011,0.360801212294
81e42013934203983cfc5b8286b52f20,1.86211052876,2.05544449475,0.360801212294,0.461538461538
524da37a182e5c395ed1ffe933cf5574,1.80400606147,2.41298263713,0.421325044235,0.498518515262
da61699f43f816a06092681449c63e62,1.38033526499,2.39081081045,0.360801212294,0.461538461538
8d9b10b1850db39fdb289a1eff4a2eee,1.624516314,2.78414785705,0.0,0.421325044235
7515798a924851275518680e43258314,0.821313711695,2.52795026541,0.0,0.0
403faaf28fb8f8801ca1fa1bc7119af3,1.42255707761,2.37092846268,0.0,0.486504255411
9f6d82d8718d17bddf3b4fe2e0cb1513,1.45951276623,2.49733585858,0.360801212294,0.486504255411
f482df6fc477306b27261a092b10da2f,0.532938710021,2.99111109157,0.0,0.0
167d10643ce292eae146deeb60ee91a0,1.07141448286,2.30255839186,0.0,0.461538461538
50ba13f00c3ff730594ae30b1c119b0b,2.02353022123,1.91536916892,0.461538461538,0.486504255411
03f805fb4e7bb332295eab7d50dd60e0,1.68880756924,2.39081081045,0.360801212294,0.498518515262
acf668432d57f2f29842e58a6f74d4c7,0.923076923077,2.3982241951,0.0,0.461538461538
a581aaeb73a9ce7f6806eb1e56e319b6,1.73375810301,2.12619614786,0.360801212294,0.498518515262
06e2d6765b2c45f46848787966029d85,2.4997041245,1.43498139278,0.461538461538,0.266469355011
1e777fade742c08054debab1880eb6c6,1.81707874016,2.51621957443,0.421325044235,0.461538461538
1edbc7f0839bc0b709121bede69e6670,1.64622573531,2.54660697804,0.421325044235,0.486504255411
572a524c866685f2b0bdea2736e7c235,1.32789819243,2.84511415522,0.266469355011,0.266469355011
82fda1f850a9fe22e41b5c8dadaff4ac,1.43498139278,2.60631913017,0.0,0.461538461538
6457185cec3f51c01e617653dfca16bb,1.42255707761,2.99111109157,0.0,0.0
e332e7365aac017eb1b1a7a66f07c35e,2.17843111669,2.01473859288,0.498518515262,0.461538461538
61ae4002b325cff04846b1734f2ac4cf,1.23076923077,2.83260809839,0.0,0.266469355011
a25cb33be35d3bc44dcac8023496ab26,0.532938710021,2.76923076923,0.0,0.0
8b3921d1acb84cc89b18d96103964c17,1.23076923077,2.67134697757,0.0,0.461538461538
e8abc40ee28950927efc49187ecd8aee,0.0,1.82033224095,0.0,0.498518515262
27339747ec4c6922d39f9e766f816ff8,1.89674277014,2.0206039287,0.461538461538,0.461538461538
e24830c1e1f7e1145fb1fb17c1e9d07e,1.60988073357,2.50679549797,0.360801212294,0.421325044235
060214040ef4ef128267adb0f716fb67,1.624516314,1.84615384615,0.266469355011,0.266469355011
ac9fbe35fe7def52eb91fce77e77493e,1.16659622216,2.76923076923,0.0,0.266469355011
14c4faf6682ac1bb86d346d9a2a1f8e3,2.0953597649,1.83328850582,0.486504255411,0.360801212294
e9f6a5cd1b1e1ecfa714fe8186db4059,1.66410058868,1.82033224095,0.421325044235,0.360801212294
fa1e6939f2a827f3521bfc29b54cc22e,1.7371676601,2.52795026541,0.360801212294,0.486504255411
9602084ffec67fe31c60406f7fb21331,1.26864788481,1.16659622216,0.266469355011,0.486504255411
49b546e5e36226a21d54da47812ddd20,1.07692307692,2.55819833051,0.0,0.461538461538
0216930455605cc227e8878509a5a88b,1.34999452114,2.27151124004,0.266469355011,0.360801212294
bbd3b5bbe1d38965e417fe5f5161b688,1.15127919593,2.54195563721,0.266469355011,0.461538461538
ad1940dc7ea8f13e028e7e406cdc781c,1.27794213276,2.13175484008,0.266469355011,0.421325044235
d599e1e35a01b7217541f4a1ebb49bd0,2.05256370217,2.00590843237,0.486504255411,0.486504255411
e75a089cf326a5c7fb53c1f7ecaf8c62,2.06119400107,2.72833043861,0.421325044235,0.421325044235
a507ecc6efacca68b8c275c7becbf5fb,1.0986812967,2.86996278557,0.0,0.266469355011
65da81d93aac15c9c5f3944a287775d4,1.21626063853,2.74993275873,0.0,0.421325044235
543b86c62f6db59c9efe987c805f9205,1.5423028966,2.64463283656,0.266469355011,0.461538461538
fcfd4657f4ad40dc4cee00019cbf7d97,1.1409536134,2.12897730817,0.0,0.360801212294
a3274380d4f5b9ea7fd387d6b729feab,1.2639751327,1.8235799371,0.266469355011,0.498518515262
806474109f17c2afa801de6b5a252963,1.67119699865,2.47591952914,0.360801212294,0.498518515262
193732ee04ca1db0aa32941a41f8f383,2.13175484008,1.53846153846,0.498518515262,0.486504255411
2feda4005263de8d4e61db2c944294dd,1.04909089977,2.62667247369,0.266469355011,0.461538461538
7d38b55417160cfaf1fd91098fb7e9b7,1.63902121174,2.23739070342,0.360801212294,0.421325044235
5a95ed351a4629efec41151d3091e3e5,1.18671143235,1.47564046871,0.360801212294,0.461538461538
20946459ca22b40553804671109e821d,1.90297182721,2.49496534465,0.360801212294,0.421325044235
924aae262d158a554ebcc6766f7ee848,1.57645396399,2.72181630969,0.0,0.360801212294
a2fd0dc6529abf1d73f07a3769cfa291,1.86211052876,2.29998713657,0.421325044235,0.498518515262
13ab6d88f7b4466a323c973e8ab46e08,1.87477809338,2.6176460811,0.360801212294,0.461538461538
f5a5373f30de984e9142a206f94a2f46,1.33234677505,2.73049836143,0.266469355011,0.266469355011
ccdf9249ab159a23054a48f7ab7d1cd2,1.83328850582,2.36843143359,0.421325044235,0.498518515262
0ed9d37e3c94275eb51d8b0a020e7d51,2.0206039287,1.8235799371,0.486504255411,0.360801212294
ea1024d5592e0fed5ffe9d91dc49fe76,1.74735641409,2.43252127705,0.421325044235,0.461538461538
2a22fd019e265d4107f0284f8ff791ca,2.00590843237,2.20542633644,0.461538461538,0.498518515262
993cdf7a6b9ad8ab9b353b7115c0b588,1.89674277014,2.0953597649,0.421325044235,0.461538461538
6b4b8bec7d61efdacf2b162c396f1f04,1.59511087333,2.57663603453,0.360801212294,0.461538461538
e32712a3621e540746a8eb61b543546a,1.73375810301,1.86528548507,0.421325044235,0.360801212294
a5eada19f77ccc52667238ca96480e21,1.27330348902,1.89985985157,0.0,0.421325044235
5f6d7dfccc51bc568ded294f4f2f0a61,1.7371676601,1.68880756924,0.498518515262,0.486504255411
d8d0b093ffbb4435d4d4d1fbc8ed80c0,1.88107988625,2.18926914935,0.421325044235,0.486504255411
92b57b5b5ad06e8cb5e152680601d697,1.7269187939,1.90607872206,0.421325044235,0.360801212294
470690eca841a4fa2955d24485276fee,1.49950682228,2.7862723502,0.266469355011,0.360801212294
b695a779ff14d6b46ec40696fdcf7614,1.70970082853,2.46634146798,0.360801212294,0.360801212294
3e395c6b799d3d8cb7cd501b4503b536,2.01473859288,1.23076923077,0.461538461538,0.498518515262
40313332beff5c5039bd4020785eb34b,1.21138582677,2.55588426551,0.0,0.486504255411
c640bdc95b777e4ef1c13cad922395de,2.18926914935,2.21346070307,0.498518515262,0.486504255411
c8554f40893994fe4fb26c5c7025206a,1.9399261866,2.53028987745,0.360801212294,0.461538461538
326e4a680c071f12601c9531d937ba64,1.7709022205,2.0438969624,0.360801212294,0.486504255411
ea93c6698c1f3f1dde8017a921c174cb,1.51129866957,2.23474446867,0.266469355011,0.486504255411
52d953c222095b137f2e2b8aca0af084,1.5876744185,2.58351624981,0.266469355011,0.461538461538
b183b40047348ed6fb3fbdc2a58715ad,1.85574432028,2.03228381748,0.461538461538,0.498518515262
e10beef1d9f48e376dbd1bcc0f3aea83,1.63540704811,2.4300875383,0.421325044235,0.498518515262
8377cc64580a1afd5a48cd895e39763c,2.20542633644,1.94601702164,0.486504255411,0.461538461538
fab2b565b79d3276069adb3f78e78af1,1.94601702164,2.2188007849,0.461538461538,0.486504255411
f2bfa71923accfe75aaec7726c809346,1.59139698966,2.63117405792,0.266469355011,0.461538461538
6eb0d1f4e324656434211bf256db0b24,0.575639597965,2.16753889286,0.266469355011,0.486504255411
ae8df12867f92c26dd1d9a89f051a89b,1.82033224095,2.73049836143,0.266469355011,0.266469355011
6142ab7cba4057be91951781ae685e9e,2.17843111669,2.06119400107,0.486504255411,0.486504255411
da98150cb093576351d3a66b51fc7eaa,1.68178546993,2.24794449172,0.266469355011,0.498518515262
e29fe6110e9f952f0a40a9a61561b7fc,1.70970082853,1.83973242202,0.360801212294,0.461538461538
baabc099d1ef40f50336fc8f8a0748e1,1.46759877141,2.73049836143,0.0,0.266469355011
11be6d9c162c1ecf4e60f6378d21f077,1.00295421619,2.84511415522,0.0,0.266469355011
d1be7632c52b77333e0b0d4778862748,1.89985985157,2.61312119253,0.421325044235,0.421325044235
793d3be181d3deeb95d5409bc6f5ba15,1.26864788481,2.52795026541,0.0,0.0
b7c4d60c60be2aae7cc26339bf8ef147,1.23076923077,2.55819833051,0.360801212294,0.461538461538
75808a38c82695330edc632d562a0238,1.41421356237,2.86996278557,0.0,0.266469355011
b15e8846dc61824c1242a6b36796117b,1.51129866957,2.76923076923,0.0,0.0
7165133f04e2dc203ea36a226bf7a251,1.59139698966,2.61990559476,0.360801212294,0.461538461538
60693c4a060163de83721654d87f6be5,1.14612803275,0.605692913386,0.0,0.421325044235
c629d96f07b1119de2e9eeeecc5d7266,0.0,2.91902553246,0.0,0.266469355011
d885c3913f82d1edba1ddbbcbc8d7abd,1.32789819243,2.66469355011,0.0,0.421325044235
9e58afbf3fea116b0050bf56bfb4442e,1.96718643885,2.23474446867,0.421325044235,0.486504255411
52f2c32a82f82febec9d8ec35c4bbcc9,1.98216903488,1.93687358646,0.461538461538,0.461538461538
ffba61f338fe0bd56d802fc7f802eb5a,1.93687358646,2.13452875777,0.461538461538,0.498518515262
34fa4035caa73d42fdeac01b0a87b41b,1.60988073357,2.7065557055,0.360801212294,0.421325044235
3f1e129c177baf50c345324940d36a77,1.56136793309,2.59722200248,0.266469355011,0.486504255411
ad8759a9b052528e79835f102592f622,0.99108451744,2.4997041245,0.0,0.266469355011
a2b9cb57d8cfb5710e029436fade6c98,1.27330348902,2.1973625934,0.0,0.498518515262
310e23c472d8e72335bd7c3867d2b956,1.38461538462,2.49496534465,0.0,0.421325044235
97546d961462a65d2518e4f63660bd09,1.51129866957,2.63117405792,0.266469355011,0.360801212294
fa02828fee3474848731b1253a0aad47,1.34999452114,2.62667247369,0.0,0.461538461538
d71fdd485a1fdd4e3f92a986cee1340c,0.0,2.91902553246,0.0,0.266469355011
b6a175a48743caed6d035444c069ab64,2.01473859288,2.24794449172,0.486504255411,0.486504255411
eb9a3fd3b78688836e5e6eb2ecd9cd5b,1.92768678248,1.88736063791,0.421325044235,0.421325044235
95558c56ea52ce4386d4f913cad32684,1.00295421619,2.52795026541,0.0,0.0
c4a0637eef506f2a50748b493bdd28cc,2.07549808665,1.74735641409,0.498518515262,0.360801212294
8804387d9e53609c3f03b9ca6438fc08,2.15384615385,2.16480727376,0.486504255411,0.498518515262
b395a75ee07bc550574f0e20223c0532,1.34999452114,2.73049836143,0.0,0.266469355011
b639dd1d3483485f61ccce1b6d6f25a6,1.23076923077,2.73049836143,0.0,0.266469355011
5d680fe64ea485b9e3de53adb4069950,1.24985206225,2.67134697757,0.266469355011,0.461538461538
0e5ee0dea2f8ead3a94f56f01ad2200b,1.86211052876,2.27411469217,0.421325044235,0.498518515262
6192cffbc5ad57723d69a4b507268ae7,1.16659622216,2.52795026541,0.0,0.0
36d81b132161eff37620d34c2d20188d,2.36593176911,1.99407406105,0.486504255411,0.498518515262
8c0e17f063c140f0237bb8f74450ff30,1.97918158927,2.11783075353,0.461538461538,0.461538461538
97de6333157f35467dff271d7afb0a23,1.17669681083,2.44465362801,0.266469355011,0.421325044235
aeaebe7c3fcedbfa98a0afe50207cb15,1.33234677505,2.58580558676,0.266469355011,0.498518515262
9f71287857e9e7d882bcf700110df4b8,0.532938710021,2.59722200248,0.0,0.461538461538
dceba98fb3bbd3f8ef08be65bf8ac044,1.95511769648,2.17026707379,0.421325044235,0.486504255411
b51d9568fe9f6117bcdbc58936806d45,1.42255707761,2.58809289866,0.0,0.461538461538
031460402eed3e9154f8672935602e32,1.73034182757,0.737820234356,0.486504255411,0.498518515262
f87ccb3cb0186dd279db4ec7791f76da,1.68880756924,2.44948974278,0.266469355011,0.498518515262
2c16c52e3376a072345de2ec50c75b4a,1.3931361751,2.79051648419,0.0,0.360801212294
6884b2ec380a8f96ef6fe8ddb60d8ffb,1.82033224095,2.05832125542,0.421325044235,0.498518515262
e087f8842fe66efa5ccee42ff791e0ca,1.41421356237,2.53028987745,0.266469355011,0.461538461538
4264fbc3d20fd8361efb426c9cc203aa,1.96718643885,2.46394113508,0.461538461538,0.461538461538
f67f8584e121c09bc6f514ed02b876df,1.14612803275,2.52795026541,0.0,0.0
1cf3afb3ce8c04e90278f00a2daa77bd,1.5423028966,2.33572714626,0.421325044235,0.498518515262
668305052f9b382f439ede8ca6cd8bc5,1.32343465647,2.64686931294,0.266469355011,0.421325044235
31707734907f1c50b06410fbdd0468a4,1.2917581249,2.91902553246,0.266469355011,0.266469355011
4120c61e914ef81db39187bbe537f917,1.43498139278,2.46153846154,0.0,0.360801212294
0b8b4ae8de7c36b5187515e99a8c071b,1.35873244097,2.52795026541,0.266469355011,0.486504255411
91aacde4c329f0ccc7ca59d7bbf98d0e,0.696568087549,2.99111109157,0.0,0.0
f2db8308902286bfea39e0604a72298b,0.0,1.43909899491,0.0,0.360801212294
088ff4b427effea392d3fd9bb94be25c,1.88736063791,1.94601702164,0.360801212294,0.461538461538
bf4db2740b078aa0a2e33f0bff92ff7e,1.94297399082,2.55356810349,0.421325044235,0.486504255411
d28d375b3e482dd51aeccee67b60a272,1.53846153846,2.64463283656,0.266469355011,0.421325044235
097e9c062d8734b2e864ffeaad5e7596,1.02628185109,2.46153846154,0.0,0.360801212294
b2f3b8b25275370ae490ce3a67ac6873,2.02353022123,2.01473859288,0.461538461538,0.461538461538
dd9666fe86c625b2f0b24513cd5e2b84,1.33234677505,2.4997041245,0.266469355011,0.266469355011
dfcb9fff0e37332797f4a7c569dd9365,1.78089798504,2.12897730817,0.421325044235,0.486504255411
886e42ec89c4c255dcea61338c34c952,1.32789819243,2.48069469178,0.266469355011,0.498518515262
f00e842c5f4fdf9dc9b404352b14ba46,1.38888231425,1.07692307692,0.486504255411,0.486504255411
432cd64ccd208358bee3820aa929a8f2,1.06587742004,2.67134697757,0.266469355011,0.421325044235
8c2cd6f251ead1a7b33d1b9bd1ffee23,1.63540704811,2.24794449172,0.360801212294,0.461538461538
86515adef13fe880a5a27200377cdfd6,2.26629536349,1.69230769231,0.498518515262,0.360801212294
3084402e8cedd5b1cf25bc991f1c3f22,0.0,2.60177454235,0.0,0.360801212294
1b322374de83520bf45aa8928e18e70a,1.3931361751,2.4997041245,0.0,0.266469355011
4abecc0c7ea1fd2572ef28e04c52ea9c,1.21626063853,2.16480727376,0.0,0.0
808eb4b2e83cc52cf554cd0f038ba2a5,1.53846153846,2.11783075353,0.360801212294,0.461538461538
91253392a81a2276a3098790cbdd87f8,0.532938710021,2.37092846268,0.0,0.498518515262
f6e0f05fde7637afb8f8bc6bda74ca24,1.47564046871,1.97918158927,0.266469355011,0.360801212294
a64d5dd318a9821c27f2f6b24b5cc823,1.20157687322,1.59881613006,0.0,0.0
d6583ed54536fecf80dcc3b020a42ebc,1.70276489394,2.51621957443,0.266469355011,0.461538461538
a6ce429f6a1206aca2bb2c13d14a0b72,1.49555554579,1.96718643885,0.266469355011,0.360801212294
530e4addcb18641c01fc18c332a8bc84,1.2917581249,2.58580558676,0.0,0.421325044235
b213234d835ec73956c6396f60f776a8,0.835598499323,2.57663603453,0.0,0.498518515262
642274d6688dcd1c7c216e3c148757c0,1.59511087333,2.61312119253,0.266469355011,0.461538461538
b7ae3c2da0faa0cad6591f38f52bca45,1.21626063853,2.79051648419,0.0,0.360801212294
20a94d823d1f9174bd6b1ecc27ba44fc,0.799408065032,2.72181630969,0.266469355011,0.461538461538
3aef180ea3f4b01503ad930fca79e8d0,2.14834462212,1.44320484918,0.266469355011,0.0
c1ecf7d54be79a93c2f53866c7c07ba6,1.48762150814,2.84511415522,0.266469355011,0.266469355011
56f6c65106575b4e1318eeca8ac07dde,1.63540704811,2.4997041245,0.360801212294,0.266469355011
e1ab0746fe7fe7380731135b4024287e,1.75411603861,0.842650088469,0.421325044235,0.461538461538
b9bd1d5269b65c6ff9930fad19049e51,2.06978831493,2.13452875777,0.421325044235,0.486504255411
d69b0cfe8844b969529787a82ef5f88a,2.05544449475,1.87477809338,0.486504255411,0.421325044235
c5af90ae1205c33b2803af12079aeda9,1.63902121174,2.34835961884,0.266469355011,0.498518515262
5758252da54f4860acff8c74ea38c902,1.2639751327,2.56743373358,0.0,0.461538461538
ec1e52f2941a872f1a0be7c9705d67cf,1.13575562002,2.56743373358,0.0,0.421325044235
7c723f56d190e2f0ef22b73ab11b39db,1.14612803275,2.44465362801,0.266469355011,0.498518515262
29445d6aedad227636c9c5794319c431,1.20157687322,2.88230676849,0.266469355011,0.266469355011
b4d863262e9f1bfac33dd1c9c87a7ff8,1.68178546993,2.53729576961,0.421325044235,0.461538461538
ac0c76147cee40c5448c4be38837aafe,1.88736063791,2.4997041245,0.421325044235,0.486504255411
5be04014026c6a67b129d759b08667b9,1.9399261866,1.89985985157,0.486504255411,0.486504255411
12ca257710643060724876111d2c3ad2,1.51129866957,2.55588426551,0.0,0.360801212294
39fe4c532a337467d1300c0efce6a755,1.7709022205,2.67134697757,0.421325044235,0.421325044235
4ee3f9c90101073c99d5440b41f07daa,1.89985985157,1.85574432028,0.360801212294,0.461538461538
a4e316bdc98219b269ebbba2677b23ad,1.5268794801,2.76923076923,0.0,0.0
8d7bcba8891332d5037410d0f4f4c1fa,1.83328850582,1.82033224095,0.421325044235,0.486504255411
7752f9a41df0b099245441dbc830d5cf,2.3734228647,1.46759877141,0.498518515262,0.360801212294
80f703503bb8c8b4fe1badd6c9f33e1e,1.74735641409,1.88736063791,0.486504255411,0.461538461538
108258f2a62d76d8abd7a6daf667f0cc,2.08970426265,2.32557176274,0.421325044235,0.498518515262
0561101323ce489820b26c0dd93d816a,1.76084971419,2.13175484008,0.421325044235,0.486504255411
b974b229f1607c3b870d9a419cca9c5f,1.1409536134,2.73049836143,0.0,0.266469355011
4b46759309d38832471eb326dedcf5c0,1.0986812967,2.91902553246,0.0,0.0
9dd28b5db99c083f8ef7696a407160d8,1.64262742339,2.46153846154,0.486504255411,0.498518515262
0a5d7c11c11c717e65cc0b4edf910a5e,1.96116135138,1.64622573531,0.421325044235,0.461538461538
05043c0eaab813ea4d6ebbee5844dae2,1.53846153846,2.15384615385,0.360801212294,0.498518515262
8aeb662237f68cea20dfff8d961cc11e,1.49555554579,2.49733585858,0.360801212294,0.461538461538
69f237fd0066765faaf7af399be0f3bc,0.266469355011,2.57663603453,0.0,0.461538461538
e1f90fe63b6dc213f86864c0c7039e78,1.65697378681,2.14282896572,0.421325044235,0.486504255411
15e57adeff231caf75983e686ff04c46,1.87477809338,1.32789819243,0.421325044235,0.0
0b53982f79612e5f1227aeb1801f5842,1.79083795797,1.78089798504,0.421325044235,0.266469355011
71a9946dcf5d21603fd98c2c2fa22cd0,1.46759877141,2.52795026541,0.266469355011,0.0
e6e2fff03cc32ee9777de2c2ed5bac30,1.9851519847,2.30512677904,0.461538461538,0.498518515262
6d69692e69b36e6fbe35a6ca0db4f986,1.60988073357,2.05544449475,0.421325044235,0.486504255411
170a4842b0211eff735a63e6b17e0461,0.0,1.2917581249,0.0,0.266469355011
70897e2d7288ca80c26f95b61c3d357f,1.38461538462,2.86996278557,0.0,0.266469355011
80156ccbb8052b1597175e667f1759da,1.57645396399,2.82423996164,0.266469355011,0.360801212294
b6469180949895bbcf82dd53ec72f560,1.7709022205,1.85893014978,0.461538461538,0.486504255411
b6c6f4fbdbbae19cc5eaad6e09383a2f,2.13175484008,1.5876744185,0.486504255411,0.360801212294
754c3490c2850474f8e7415dc2e5db4a,1.90607872206,2.05832125542,0.360801212294,0.486504255411
c66a801ef7d68309ca30f929a111b05d,1.86211052876,2.36843143359,0.461538461538,0.486504255411
713627c9c0927d94c555d13de5f54793,1.42255707761,2.12897730817,0.0,0.360801212294
1be7c39aa8266e959dc1c5cb1d102941,1.40582052942,2.65579638487,0.266469355011,0.360801212294
9166705588f839daaf11b7b3c38ea5df,1.20649131857,2.66469355011,0.0,0.266469355011
bd35889431f2ea2be11fa4665b5dc19b,2.09818179954,1.84615384615,0.486504255411,0.421325044235
cf8adb2012a78ee6d49528befd90bc79,1.15127919593,2.76923076923,0.0,0.0
4ee1e8ac0422b7bca62336b99b64bfac,2.10662522117,2.24794449172,0.486504255411,0.461538461538
5ec6519c4970a1e541ded1bd1e42c9db,1.30088727118,1.56136793309,0.266469355011,0.486504255411
28e32be6ba67e0c6fdfdff80ce07dfd4,1.43909899491,2.93116290512,0.0,0.266469355011
9bf86bef675037bb2a5847044779a62f,1.93687358646,2.12619614786,0.360801212294,0.498518515262
88b7fc7ac7425e82b1b4866e5b28bf72,1.30995279738,2.4300875383,0.360801212294,0.486504255411
445a257964b9689f115a69e8cc5dcb75,2.11223541811,1.38033526499,0.421325044235,0.360801212294
a7c7f7b2e24956af396a2637fc99ff7d,1.21138582677,2.91902553246,0.0,0.0
6255fc882a638abfa1dd764783242cc6,1.59139698966,2.55356810349,0.360801212294,0.486504255411
56db5f1a83463def1cc794dcd791bbbf,1.5268794801,2.12897730817,0.0,0.360801212294
4acf09fb6a44f995ba0c48d053599074,1.24034734589,2.91902553246,0.0,0.0
c327317f5a72a8b2b7d41dec1bb24846,1.79083795797,2.34835961884,0.360801212294,0.486504255411
ed133056cbb9a012b5f602d1fe45ec6d,1.5876744185,2.37092846268,0.266469355011,0.498518515262
53f4a671503519366ba36ad29152db78,2.40315374643,1.48762150814,0.498518515262,0.360801212294
41d198e20e049d2804fad4958be7f837,1.5876744185,2.05832125542,0.266469355011,0.421325044235
31d685164678faa6548e1e77d49ee397,1.64622573531,2.56051030417,0.0,0.486504255411
18aeb77a110f6d271594851b5d719dbb,1.81381940347,1.624516314,0.498518515262,0.421325044235
f679818dabcfb1722fa231ba4ba072e6,1.64622573531,2.38089039085,0.360801212294,0.486504255411
0c80008b0a28d356026f4b1097041689,1.86528548507,2.56051030417,0.461538461538,0.486504255411
8475df8ba323751d239404cbd96bb776,1.69230769231,2.46394113508,0.360801212294,0.421325044235
8cca42e3058ff4885f197275afc1cab2,1.32789819243,2.52326453336,0.0,0.486504255411
0cacd1e0e44cb80589d056b6dd059110,1.43498139278,2.34835961884,0.266469355011,0.486504255411
dc411686117b41aa2ea670b0a12f143f,1.54995705228,1.46759877141,0.266469355011,0.498518515262
586fc93567498123193e02f3335b8876,1.5876744185,2.42277165354,0.360801212294,0.498518515262
316afe224e611896287311180a1dcfec,1.73375810301,2.42277165354,0.360801212294,0.498518515262
970b4d4e0d10dc8d3431295621e09a28,1.64262742339,2.33825910055,0.461538461538,0.498518515262
296b4aaa366cf3307d9df70126753fbd,1.53846153846,2.68460436409,0.0,0.421325044235
dc564fa7e4cff76937c30efd4c8e31fc,1.33234677505,2.07549808665,0.266469355011,0.461538461538
621f15cc0cd66f50eb735782540abbe4,1.92768678248,1.94297399082,0.421325044235,0.461538461538
eb120f405cba8d29a553dca18734a376,2.0438969624,1.80400606147,0.461538461538,0.461538461538
428a690888c5e7f0bcfd464a0718a9c0,1.53846153846,2.34078831611,0.360801212294,0.421325044235
3feab6ad1771af7fbf9697653f0a49b8,1.16659622216,2.84511415522,0.0,0.266469355011
b89386aadc50e796937504b2567c5f39,1.42255707761,0.605692913386,0.360801212294,0.421325044235
290457531ef49119be23838bc37f24b4,1.34999452114,2.6176460811,0.0,0.461538461538
93843b95b05de49ca20520e95f9cbccf,1.97918158927,2.05256370217,0.498518515262,0.486504255411
7b502f06863a10fde9481adbf880091a,1.49159380228,2.34835961884,0.266469355011,0.498518515262
e477b34f1f81eb1c98ab5a22b37a4758,1.624516314,2.2000537917,0.360801212294,0.461538461538
e4bb556582eafe878d472dfb17d14608,1.3931361751,2.43252127705,0.360801212294,0.486504255411
4f3f68292e50f39cd8142733512c07d6,1.93687358646,1.56136793309,0.461538461538,0.360801212294
3b59be58686f720bf5e41cebfde30d8e,2.0438969624,2.14834462212,0.486504255411,0.486504255411
67b79ef977a160835c9bd75fd610c1af,1.45951276623,2.4997041245,0.266469355011,0.486504255411
fd8a73963d8747ba82446b4e56931eea,0.929465074892,2.44465362801,0.0,0.421325044235
1ffc21e921c06b0c6641eb4783c185f5,1.5423028966,2.41788209931,0.360801212294,0.498518515262
d21916c8391ef3b1464ba73ba38afb85,1.95511769648,1.73375810301,0.461538461538,0.360801212294
16de6593a409cdb4108f1a52adf8fd61,1.24034734589,2.78414785705,0.266469355011,0.360801212294
312e4880a3c70f9237c6708998b18e8e,1.44320484918,2.72833043861,0.0,0.421325044235
eee8cdef1aff0f3e42e92d35abceb475,1.60988073357,2.42277165354,0.266469355011,0.486504255411
3c6a8876d139ef5405bed02aa3eac743,2.23739070342,1.21138582677,0.421325044235,0.266469355011
e6e27ab4026de3888fee445de474ac8a,1.94601702164,2.45431632824,0.421325044235,0.421325044235
9667c4d8df23a8c38e41517b2712dc0f,1.94601702164,1.9851519847,0.461538461538,0.461538461538
cb2fed62858e767c9d6b9bf36d5b9bc5,1.27330348902,2.6176460811,0.0,0.461538461538
d528b78a70f023b32c78be3c2668aca2,1.60988073357,2.03228381748,0.0,0.486504255411
394720e5daaefcbec031e7f394dba425,0.532938710021,1.93687358646,0.266469355011,0.498518515262
bd8df83670d046e74704eb5ada90470d,1.49159380228,2.46394113508,0.266469355011,0.486504255411
c64b4afa3ad91e384c64826aabbb09f6,0.0,1.40582052942,0.0,0.486504255411
b4a27f8761201f07244f7f03106f04fa,2.41298263713,1.81707874016,0.498518515262,0.421325044235
a470a6b2b4e5149cd82ab28fcb2e722e,1.81707874016,2.23474446867,0.360801212294,0.498518515262
72ee45a296bcb2f6c4d2c882413931a1,1.40582052942,1.81381940347,0.266469355011,0.486504255411
20c5b6c0c4a807ea55f625ff9b5ebccd,1.38888231425,2.67134697757,0.266469355011,0.461538461538
2c77c8528b50f66037355251f85589c0,1.06587742004,2.22412804535,0.0,0.461538461538
7dac2d545b6332e1eadb639a04e06b39,1.5423028966,2.08970426265,0.421325044235,0.486504255411
fc33ca3dc3e86191e8d258a234af8574,1.7371676601,2.06978831493,0.360801212294,0.461538461538
c8a84fd095cc7934b6b055d2e47163d1,0.828486893405,2.76923076923,0.0,0.0
b614da728f3f2e1889dec2f47e6aab6d,1.21138582677,2.69998904227,0.0,0.421325044235
cc9fae6d74390dce1664048ecbf9b9da,1.60988073357,1.99407406105,0.266469355011,0.266469355011
cbd0bb72fb89b198d4fd522f9922a8fa,0.821313711695,2.78414785705,0.0,0.360801212294
b946aa460061285bd3779e5f580150a7,1.9399261866,2.16480727376,0.486504255411,0.486504255411
209c3ac37651f1bef4996b7d56a31adf,1.30995279738,2.79051648419,0.266469355011,0.360801212294
02a831e0b23855d3a79a54033e07f0b8,1.44729905556,2.46394113508,0.0,0.461538461538
5345604b551d667182d2c2e86ea2d3c3,1.07141448286,2.17843111669,0.266469355011,0.498518515262
279566603fc8a2650d3544faab645f6d,0.0,1.5876744185,0.0,0.0
964294c8a575d44f756d283d8aebae52,1.46759877141,2.49259257631,0.266469355011,0.360801212294
a41e18aaf5f527bacf741cca1cb952f0,2.01473859288,2.55819833051,0.461538461538,0.461538461538
4d01ec9616e8aadc9a4386ab9eb95603,1.33678055361,2.14834462212,0.266469355011,0.266469355011
3e3bd4dc42a06d2b3ff0f18c9974de69,1.97618962749,1.88736063791,0.461538461538,0.421325044235
30142a239cff2340697f42d5b4533a01,1.70970082853,2.39081081045,0.266469355011,0.498518515262
00d51e630c7733acf6d94ed246e3291d,1.51910905063,2.76923076923,0.0,0.0
ae0ca19e3f2282741dc3d1c41dbfbd89,1.5268794801,2.75852631954,0.266469355011,0.421325044235
c1ff7cbe87bcf4791c5c68ee5a6d2adc,0.392232270276,2.99111109157,0.0,0.0
1cc2dd2811ad896244345fcc0241460b,1.33678055361,2.79051648419,0.0,0.360801212294
f7c23c3bc998c95a584e5138db317ef1,2.01767339209,2.34835961884,0.421325044235,0.461538461538
507fde25c5c6f7ddfb2a01113f005850,1.08240363688,1.87477809338,0.360801212294,0.421325044235
e320236d4d48d60a45105e715ae03df1,2.03228381748,2.06978831493,0.461538461538,0.486504255411
dac21318b5c3882ab778597dad1acbfb,1.86528548507,2.4300875383,0.421325044235,0.486504255411
b26955262273f5cc9a276f792e51efe0,1.32343465647,2.05832125542,0.266469355011,0.486504255411
a6ef1c83cda224d6222f7043ef15ac73,1.21138582677,2.81164105885,0.0,0.360801212294
151e09cf1ad8a25dca66fe3567edf64f,1.07692307692,2.76923076923,0.0,0.0
6954c59aec46eddec5b44875cfe2a804,1.59881613006,2.93116290512,0.266469355011,0.266469355011
6709f4b4322a753b01c68599779a1258,1.68178546993,1.9851519847,0.360801212294,0.421325044235
86d7ad1bae4dc708a90d5caca3289f01,1.65697378681,2.69340636923,0.266469355011,0.421325044235
419ed8822ed44d8ee0d991e8686a13bc,1.12001690604,2.48546068022,0.0,0.498518515262
cfe31883655df1e6b5a25efb864b356d,1.81707874016,2.67356110723,0.360801212294,0.360801212294
c5eac1d455675dfbc99f6c70f7b3971f,1.92153784566,2.44465362801,0.461538461538,0.498518515262
f257d36c8a2e9b8ea02d6478b3964594,1.98216903488,2.38089039085,0.421325044235,0.498518515262
cb1068323c0de49821a9cb45a65c0baa,1.78089798504,2.58580558676,0.421325044235,0.461538461538
4cfd0137f8a86f57bf1e20d74bff985c,1.96718643885,2.05256370217,0.461538461538,0.486504255411
0c86caff5d22d147066612c940753866,1.73034182757,0.997037030524,0.461538461538,0.461538461538
528d1276dc62c69047d8b5e3ece2cb93,1.81381940347,2.37092846268,0.486504255411,0.486504255411
eb16d303ae8a16c2e4a25ea70e12b105,1.36741452574,2.21346070307,0.0,0.266469355011
45c4a9682e55aad277c37ae68b2d123a,1.73034182757,2.3734228647,0.360801212294,0.498518515262
aca942091b2d0e85a13aa9b92fb0f3f2,1.15127919593,1.26864788481,0.0,0.421325044235
c50f3aa09001ed84ae251200a4b4e944,1.2917581249,2.39081081045,0.266469355011,0.486504255411
f52be2f58b3df15f9b1a71e6c0976f65,1.15127919593,2.81794755139,0.0,0.360801212294
a86b4b665ddee31e3ceb691443171b0e,1.5268794801,2.55819833051,0.266469355011,0.461538461538
dc3326ca8cd0a838f0ba75bf1318d6b1,1.49950682228,2.69340636923,0.266469355011,0.421325044235
82131690af634e8d594795019344f3f8,1.47564046871,2.70217970312,0.266469355011,0.421325044235
cc692c34f676620b4f3e34aa3ee3943f,1.27794213276,2.66469355011,0.0,0.360801212294
525a4651e0ad2fd4142dcfa0923ea42d,1.59511087333,2.43495258328,0.266469355011,0.421325044235
38c33126a39c6c09f44f75ae9f42f7a5,1.59139698966,2.13452875777,0.421325044235,0.461538461538
6cf0f1d1fa67f893d8eded950fba6b3c,1.94601702164,1.7371676601,0.486504255411,0.266469355011
7814ae9f20f9800f98042dc1471806f0,2.11223541811,1.56136793309,0.498518515262,0.266469355011
06dad6511a7fa2163b0e3c34945a23e6,1.67119699865,2.59037819084,0.266469355011,0.461538461538
aea29fbf74ea928493b01f40ca0042f9,1.65697378681,2.71746488195,0.360801212294,0.421325044235
159ef9d267d94053697db4d219ec7096,1.60988073357,2.40561473402,0.360801212294,0.486504255411
48cf098386c7f9cd49264308e39b11da,1.94297399082,2.64463283656,0.421325044235,0.461538461538
92d9b6ed693fde79b430fb8ec65ad99e,1.9399261866,2.23739070342,0.486504255411,0.498518515262
3cb24821e3629a0a365c13242513385e,1.94297399082,2.3734228647,0.421325044235,0.498518515262
a08d1a1bdfcb33dbbe529efa73fe53ca,1.61721508013,2.62667247369,0.0,0.360801212294
b7245beb09dd7b6b27eb0b2daadb663d,1.0986812967,2.52795026541,0.0,0.0
038b152812ee02112470ea56e23f9d28,1.44729905556,2.39081081045,0.0,0.421325044235
8fb3cef29f2c266af4c9ecef3b780e97,1.7371676601,2.35339362166,0.0,0.486504255411
b6b190f28b8d17893a325ef7d5cb3a8b,0.745796901141,1.59881613006,0.0,0.266469355011
7c2c7e83120418a27eeb8301d6c0cf18,1.40582052942,2.76923076923,0.0,0.0
c87884e3c02b512e5717989ee5e4e9e9,1.60988073357,2.3734228647,0.360801212294,0.498518515262
8ebfed7bff773dc6eabe889a779279d4,1.51129866957,2.48546068022,0.360801212294,0.498518515262
bbc2ee9a333af2a74c3345e2a75665c5,1.77757230897,2.33572714626,0.421325044235,0.486504255411
0439948e7dfeb866958f8f886556252f,1.38461538462,0.835598499323,0.486504255411,0.486504255411
3794957354c048888bfa41fb33f17579,1.65697378681,2.08970426265,0.360801212294,0.461538461538
406812dd95f71df61cf8a47bcea4b8ba,2.05256370217,2.30255839186,0.486504255411,0.498518515262
85cc9c4a164cea1153e096c37787faf1,1.51129866957,2.64686931294,0.0,0.421325044235
575c1fb11711ab4b423f19c1829f9fe9,1.60988073357,2.63117405792,0.266469355011,0.360801212294
5742317c8b042abc4a73b5cc4e119ca2,1.49555554579,2.99111109157,0.0,0.0
4cb28599d0f6faf0c3dbba339897dc37,0.624926031126,2.86996278557,0.0,0.266469355011
a62bccaa408e02b0bc9dbe94f62b8a5a,1.03774904333,1.99407406105,0.0,0.266469355011
0ee6f9d13f27455adb0f017d2aff58da,1.7166087388,2.64463283656,0.360801212294,0.421325044235
67833a29f796e8b026df019282e14e87,1.27794213276,2.67577340476,0.0,0.421325044235
7e47b60557cea07ba228e87feeea976e,1.49950682228,2.76923076923,0.266469355011,0.266469355011
8eeb7c395084897c619eaf06f7c5fba9,1.64622573531,2.10662522117,0.360801212294,0.421325044235
f42f375ce20ee0b60347fd3c4e065947,1.68880756924,2.12897730817,0.360801212294,0.498518515262
16b019a46905ac9bbb371c924da1d4e5,1.21138582677,2.46873946706,0.0,0.360801212294
15f31086578d9813130d151cb0b18e7e,1.57645396399,2.34835961884,0.360801212294,0.486504255411
a1e5d42a4f5ab917aab73601db1b57ad,0.729756383116,2.52795026541,0.0,0.0
1925f2861e87ed61c0c8bcfd6c18e5bb,1.56892908111,2.33825910055,0.266469355011,0.421325044235
daba5c492dd5ad21486c1bcb5beec301,2.61312119253,1.5268794801,0.461538461538,0.266469355011
4702c993fa84b8f8db22f2aeda58f1aa,0.661717328234,1.54613471094,0.0,0.266469355011
121081a0adc198f9a54162ce79cd1c14,0.0,2.23474446867,0.0,0.498518515262
42f7235d110adc630f842aeaa9b48f27,1.91536916892,2.2922560655,0.360801212294,0.486504255411
c5f0170f87a2fbb17bf65dc858c745e2,1.12001690604,2.93116290512,0.0,0.266469355011
6bb4c3bbdb6f5a96d643320c6b6005f5,1.02628185109,2.78839522468,0.0,0.360801212294
02fe6bac357e3a44a0bee82387a61a68,1.42255707761,2.59037819084,0.266469355011,0.461538461538
6943e2fa0477aad4366d9623ff0535f5,1.54613471094,2.3584168795,0.360801212294,0.486504255411
8dc591838d76a296a7e41901f870c001,1.79083795797,2.06119400107,0.360801212294,0.461538461538
29f33f45785f5f693931b2b2a58edde0,1.83328850582,1.99407406105,0.266469355011,0.498518515262
d773376e46311393cd89994bf9a93043,0.835598499323,2.16480727376,0.0,0.0
bac411e853fb039008424a0769a89ce8,0.910166120477,2.40315374643,0.360801212294,0.498518515262
8399697925f43e9cba29101a5796fafc,1.83328850582,2.30255839186,0.360801212294,0.498518515262
8e002d6fba083ffd5d576d0256a9451e,1.41421356237,2.63566795369,0.0,0.461538461538
e67cf0b00127dc1414a871209a61d5c2,1.41421356237,2.62667247369,0.266469355011,0.360801212294
580aa002b84b73ca43344b1a08c3ec15,1.51910905063,2.2000537917,0.266469355011,0.498518515262
00e22e7b4276f73e02e7b7ecda54bfde,1.93687358646,1.9399261866,0.421325044235,0.421325044235
e7912240b9fb5bb5f560a8855f626789,1.2917581249,2.62667247369,0.0,0.461538461538
bea8fbb121e44225a080fe8c66206a47,1.08240363688,2.91902553246,0.0,0.0
9945eee7a106e647ef188c2c5bcefb6c,1.81381940347,2.40315374643,0.360801212294,0.486504255411
5dcba3c9cc855e910bcd92f6a5777b15,1.10940039245,1.99407406105,0.0,0.266469355011
20ebabc702b677a5c54e5d58fd4f7e32,1.33678055361,2.83260809839,0.0,0.266469355011
5fbce9374fc22f4a22381e36089cfa90,1.21138582677,2.62667247369,0.0,0.421325044235
ec7a1bbf7a35ecd2f7a78516b8535b4d,1.35873244097,2.99111109157,0.0,0.0
94c2713160293e701dcdbd30b36228b3,1.624516314,1.81381940347,0.360801212294,0.486504255411
20d8a5d82a3572405f1e839a36cf75fd,1.90297182721,2.53729576961,0.421325044235,0.421325044235
3beda26e68b054526ea736ff43712a19,2.03809866146,2.42277165354,0.461538461538,0.486504255411
694daacda0b2813f527ccc4f938d855a,1.68530017694,1.0986812967,0.360801212294,0.498518515262
ad5f86668f8bb379f9fb86f7a269e9d1,1.64622573531,2.52795026541,0.266469355011,0.266469355011
d1383958e0c89e6195d57cf92e70a9a0,1.88736063791,1.63540704811,0.461538461538,0.266469355011
432fcff6454674f58aa50fe23dc0d1ed,1.8235799371,2.07549808665,0.461538461538,0.498518515262
9eda6dbdbe69516f0e2e01bf8ed410f2,1.36741452574,2.60177454235,0.360801212294,0.486504255411
b010f2d6d11eec4700b54659bb19a350,1.82033224095,1.43909899491,0.266469355011,0.360801212294
ae0b7f14bda4f10505b5c892a1ab2de6,1.06587742004,2.00590843237,0.266469355011,0.421325044235
f4e0cdd022372cf7fe4ceda7c1235278,1.2639751327,2.58580558676,0.0,0.421325044235
f16c81edd854661453a80c9b2dd253ed,1.67119699865,2.51151195651,0.266469355011,0.486504255411
74a6e454aef98c4ef64ea8a0f774d4dc,1.40582052942,2.46634146798,0.0,0.498518515262
b4ee522ed7a5a6031b621f0b71fd4cb1,1.82033224095,2.0953597649,0.421325044235,0.486504255411
300dde62b988fc83eb6dba1b702e9af3,1.9399261866,2.63566795369,0.421325044235,0.461538461538
ca6db6d4f02b7b946c57fc389e67dd7e,1.07692307692,2.59722200248,0.360801212294,0.461538461538
1ee6248ffca447e34eebf0faf4854e73,0.842650088469,2.37092846268,0.266469355011,0.498518515262
46a4dc0b3a49ea77bc9dc56290a8b2cd,1.45951276623,2.7065557055,0.0,0.421325044235
460f75dfeafd597e763a6180bcda6843,0.0,1.59511087333,0.0,0.360801212294
4b3df3acfe32690639619ceb30039129,1.59881613006,1.15127919593,0.0,0.421325044235
2abb7a86d72a517f617f425ac998b002,1.95511769648,1.95511769648,0.486504255411,0.461538461538
d95133816e322a603ae32346c573ada8,1.07141448286,2.14834462212,0.0,0.266469355011
789e6d098fe26f2b88d881728bffcbb5,1.13575562002,2.58351624981,0.0,0.486504255411
2e14d32266ee6b4678595f8f50c369ac,1.38461538462,2.49496534465,0.0,0.498518515262
2b7fedeea967becd9408b896de8ff903,1.63902121174,2.2000537917,0.266469355011,0.498518515262
6d75b73dcabcd3db528ce7f9111f27da,1.5423028966,2.33319244432,0.360801212294,0.498518515262
2eca7e5191ce76f4af8027cab9c5367b,1.63902121174,1.81381940347,0.421325044235,0.461538461538
6a9204a9214b26926bf53f4e81350446,1.2639751327,1.59511087333,0.266469355011,0.360801212294
40d94a7d8fa081b03069aa5b2b2c81e5,2.14282896572,1.88736063791,0.486504255411,0.360801212294
2e52f6e702fba1eddaece5e3085f2dcc,0.0,2.05832125542,0.0,0.498518515262
f1e6ca5f041d1cb510f8cf21ac5b7f89,1.92768678248,1.89985985157,0.461538461538,0.461538461538
46b38d9ac2bcde7872e118da0172f38f,1.49950682228,2.86996278557,0.266469355011,0.266469355011
0c3e6fa28024490dc5100fa7818b0e3a,1.70970082853,2.78839522468,0.266469355011,0.360801212294
bbbdba3c5c4380d2d51ac0de6e17446c,1.81707874016,2.20542633644,0.421325044235,0.498518515262
18c42264f947961eda300669c83753c5,2.14282896572,1.90607872206,0.486504255411,0.421325044235
3890ca3cdeec6eee7d3cdf0fac94b985,1.88107988625,2.56743373358,0.421325044235,0.486504255411
108486620522df85a07da90f400f3baf,1.91536916892,2.2188007849,0.461538461538,0.486504255411
cd5ce8f47e50971ddb629d86a0bc34f2,1.5268794801,1.64262742339,0.266469355011,0.498518515262
2f455fc9702c6375e0898fb26716f95c,1.7709022205,2.62667247369,0.360801212294,0.461538461538
a5b5c987844ff31f4c8dded2c6d9aa04,1.64622573531,2.76923076923,0.0,0.266469355011
4908957100e2387d3eadfda04334c472,1.7166087388,2.27411469217,0.360801212294,0.498518515262
0b7337b68a30cc97920bbeecd7e4a82d,1.59139698966,2.26629536349,0.421325044235,0.498518515262
e662900454cb48c637bc5986e76b77b4,1.73034182757,2.52560848606,0.266469355011,0.421325044235
abf442f0fb40379f975271aedfed364b,2.11783075353,2.02353022123,0.498518515262,0.461538461538
5540d2c258d7da1fa83a2a59846748ef,1.57645396399,2.44465362801,0.266469355011,0.486504255411
b21eaaf2b120ec7dbe09be412bd97727,1.26864788481,2.91902553246,0.0,0.266469355011
d2149bee620ab9b20c618122529e5add,1.89985985157,1.63540704811,0.421325044235,0.461538461538
35a1ad8b7e22dd459b145dc2cd280386,1.56136793309,2.6176460811,0.360801212294,0.421325044235
09298ef434cd6fd3716ea0f788d48b26,1.23076923077,2.4997041245,0.266469355011,0.266469355011
e3502536ff9950742d7d6eec96587e15,2.16207220347,2.23474446867,0.498518515262,0.498518515262
48a9fec804d09af35e359a8b7210458a,1.82033224095,2.40069023605,0.266469355011,0.486504255411
901d17317f31c35ab4ffda5571dd63d4,1.67119699865,2.01473859288,0.360801212294,0.421325044235
216b280870f6d2181e11b6a428aa84a7,2.13452875777,2.34078831611,0.461538461538,0.498518515262
978c54a03b16bcb293ea01357200b476,1.43498139278,1.73034182757,0.266469355011,0.421325044235
0ba6f998db7ca29807ed7696d9a27b39,1.68178546993,2.16753889286,0.360801212294,0.486504255411
90893b97144b15fced0db7cfc75fff67,1.99407406105,1.64262742339,0.421325044235,0.461538461538
b5116e3fbdc836a4999cf524bb24e15e,1.64622573531,2.34078831611,0.360801212294,0.498518515262
9f193700bfe1c054a29b82697131f42f,1.26864788481,2.86790028959,0.266469355011,0.360801212294
f0f6e1caea294c104d004448122427ff,1.38033526499,2.46394113508,0.266469355011,0.486504255411
9dfe991d9d8e4730467b152349040f0e,1.20157687322,2.63117405792,0.266469355011,0.360801212294
b7522cc91cf57ada15de2298bfd6a3ee,1.77424039918,2.64910390119,0.360801212294,0.461538461538
f9a23361ef9520258a3de99342e50c8b,1.30995279738,2.58351624981,0.0,0.461538461538
e2560eda868789dca184183066b1a0cf,0.997037030524,2.46634146798,0.266469355011,0.360801212294
02d275078e1d7007658537848314be4e,1.33678055361,2.86996278557,0.0,0.266469355011
e92915ad55bd7cee27eb4d458e3d7ab1,1.34999452114,2.54195563721,0.0,0.461538461538
4d191fc070e976abf56f8bf9adb7be43,2.05256370217,1.90607872206,0.461538461538,0.498518515262
689a2c2e8a018b892e243eba92659457,0.960768922831,2.16480727376,0.266469355011,0.0
8da51d03b8b8717431e8b902856fb45e,1.14612803275,2.93116290512,0.0,0.266469355011
748c834ae76cb06743b9032fae099739,2.36593176911,2.20274170204,0.486504255411,0.498518515262
5fc592ed8cc8630ad01fddd43844b9b3,2.24003381209,1.57645396399,0.498518515262,0.421325044235
aeae35529086c0b12777b314222d7930,1.94601702164,1.78089798504,0.461538461538,0.360801212294
9b0fde782abcb94df6d104f4f2a26e77,1.68530017694,1.96718643885,0.461538461538,0.486504255411
3964ee41d4e2ade1957a9135afe1b8dc,1.47564046871,2.33319244432,0.266469355011,0.421325044235
f0b3391bc8973237b714968d5e8cd6f1,2.0206039287,2.43252127705,0.421325044235,0.486504255411
c2600746930a60f3bf13b3452495e9c8,1.5876744185,2.71746488195,0.360801212294,0.421325044235
4ccb68d9020f30838777c286d20acaf9,1.23076923077,2.84511415522,0.0,0.266469355011
1bfdd275f121565d845fc53d8d279b9a,0.948371385072,2.70436858942,0.0,0.360801212294
245fe0f17e3073deb5860e815509ac2e,1.23076923077,2.2819072268,0.0,0.498518515262
ccb47a23f7b4453f1e8e4859c2375065,1.5268794801,2.8430336327,0.360801212294,0.360801212294
1b6c82ffe4d390b52ddbf20b792a691a,1.7709022205,2.26629536349,0.421325044235,0.498518515262
c4470d30722cefad66cdbe5a5d9f48a1,0.828486893405,2.91902553246,0.266469355011,0.266469355011
9cb71445fd7ece11acfa3f84292ed62c,1.27330348902,2.12897730817,0.421325044235,0.461538461538
0a4942a51b5faf86d4e7eef662ee7991,1.86211052876,2.67356110723,0.421325044235,0.461538461538
e0255e38f5a9b4e7b81e6e02d03f18f1,1.77757230897,2.36843143359,0.360801212294,0.498518515262
4d00b156cecc96f61611fba52c22e18d,2.21346070307,2.08119219361,0.498518515262,0.461538461538
897b9772c84777ee37bc391013f7bab3,1.91536916892,2.05832125542,0.461538461538,0.486504255411
5479b2efab8188af9ec9a21a6f2f235b,1.36741452574,2.16753889286,0.360801212294,0.421325044235
75841d9b6f5c742474299d2d35cffed9,1.5876744185,2.71310647516,0.360801212294,0.421325044235
3a4279b36c4afdb87fc528737fb4addb,1.33234677505,2.48546068022,0.0,0.360801212294
7df229720fbae50168ec7be5d832b7a9,1.69230769231,2.01767339209,0.421325044235,0.486504255411
8a3c1460bff54a5a81615036f80b2d5b,1.73375810301,2.26629536349,0.421325044235,0.486504255411
ff7a8cd839cbab20ec24e6925c80ac22,1.44320484918,2.13175484008,0.266469355011,0.486504255411
12c6e4e3caec138023d10d8cfd477956,1.3931361751,2.14282896572,0.266469355011,0.360801212294
dd5e267c2da70e9a68ecde2edd0083c5,2.08119219361,2.14834462212,0.486504255411,0.486504255411
75de6ca0ec35c6c5e058e2c249ce21a7,1.53846153846,1.87477809338,0.266469355011,0.486504255411
62a3166e96a38dee76d8a01c9404ada7,1.77424039918,2.05544449475,0.360801212294,0.486504255411
25806ca570e6aa58643e06d17856f6e0,2.33319244432,1.89985985157,0.498518515262,0.360801212294
d6478334a1a83e6a1f7f6670c80ffd64,1.42255707761,2.86996278557,0.266469355011,0.266469355011
67db6c8bfa831cf304eb94630fa5ba1d,1.33234677505,2.37092846268,0.266469355011,0.421325044235
77211c9398d9a7e6d934433be62af607,0.474185692536,2.52795026541,0.0,0.0
d793170f752707a4328c1d0dfcdb08c4,1.90297182721,2.31537183743,0.461538461538,0.498518515262
7d5dbc7107ef12c360c6fabfd987c469,1.14612803275,2.52795026541,0.0,0.0
f62ba95566a9190ce45be0f4a2891311,1.95511769648,2.08119219361,0.421325044235,0.486504255411
0a31def36a8bcdc7bf0a5ebeaf5e7635,2.41788209931,1.7269187939,0.498518515262,0.421325044235
783f4d1f97bd98104d8767c56cc9bec1,1.7371676601,2.34835961884,0.360801212294,0.498518515262
50434fc7bd03090a6968651d64c79750,0.461538461538,2.03228381748,0.0,0.498518515262
479d008fe77920fe38733183fcb33f4c,1.63540704811,2.48069469178,0.0,0.421325044235
ff34dbed6a7c027196ec560dc94c7588,1.70970082853,1.77757230897,0.421325044235,0.461538461538
161ebd6bf76f2e3df59019f3039854fa,1.3931361751,1.90607872206,0.266469355011,0.461538461538
a038909b68ce58afe5ec862bf941bcbd,1.46759877141,2.0953597649,0.266469355011,0.486504255411
e9c603500ffa303bf8eb56ee2871d373,0.929465074892,2.76923076923,0.0,0.0
e2ebff205738796e3124a2da326f4686,1.95511769648,2.62667247369,0.421325044235,0.421325044235
19afa973598bceacf81e1a11c1f11395,1.87477809338,1.96116135138,0.461538461538,0.486504255411
bffd4888cab1c7240d04306d12aa1845,1.59139698966,2.50679549797,0.360801212294,0.461538461538
2e8014946eb433661ab6bd081a306479,1.44320484918,2.62667247369,0.0,0.360801212294
2092d22a6ee752e165769110b4a6384c,2.24003381209,2.16480727376,0.498518515262,0.461538461538
38e563133c932312ca9813a75135ec74,1.47564046871,2.52560848606,0.266469355011,0.461538461538
3ecb0977b0b60691de6470743a12e618,1.91536916892,2.78839522468,0.421325044235,0.360801212294
dc91f366787332943cb73c085effaf6a,1.68178546993,1.95511769648,0.461538461538,0.461538461538
03a542ab211c515c2a3d3ded654e35bd,1.17669681083,2.79051648419,0.0,0.360801212294
fc05565cea505c27183ec483732a1af1,1.5268794801,2.1973625934,0.360801212294,0.360801212294
7713012f7710856ce2194ec3715e8ae5,2.00590843237,2.32557176274,0.421325044235,0.486504255411
556344201e773e42247aa7aadbf837f3,2.12897730817,2.10662522117,0.461538461538,0.486504255411
508c3dd474987183ba6c6de74526105b,1.33678055361,2.56051030417,0.266469355011,0.486504255411
470286fb0e9ff156923e729ffb927170,1.60988073357,2.13452875777,0.461538461538,0.498518515262
2a26498c579732cf3da0e13578d0cfab,1.67119699865,1.7709022205,0.360801212294,0.421325044235
d78e96cd41b7070f6c4aaad8482427ea,0.863459396948,1.54613471094,0.0,0.486504255411
5bed4a729a39965cb30a627c221c9a17,1.46759877141,2.13175484008,0.360801212294,0.461538461538
8f29cbc2a555034643d66f9e83dd7a7a,2.05832125542,2.20542633644,0.461538461538,0.498518515262
a0cff7079b27e9cb651f95f84d931724,1.68530017694,1.69230769231,0.421325044235,0.498518515262
f36a04f7afdb3a6feefed1c738bc4743,1.66410058868,2.16753889286,0.360801212294,0.486504255411
086baa96ac2798a5d972c470e844bcf0,1.51129866957,1.99407406105,0.360801212294,0.421325044235
8b94a7a93fceb8d920cedda8bd717f8f,0.532938710021,2.44465362801,0.0,0.498518515262
0d5e8f42e8572e5017ad8829fd73c5b1,1.89674277014,2.13175484008,0.461538461538,0.486504255411
6461c07e23f7430ec542c2f0131230ef,1.81381940347,2.26890480058,0.421325044235,0.486504255411
e2f34231b477b1222ebab8836fe2c838,1.43909899491,2.27151124004,0.0,0.498518515262
565550f0751289d8cfecf6e02cb4b078,1.79083795797,2.55819833051,0.266469355011,0.461538461538
b8c8ba96e8a58c84f916876ee322985b,2.13452875777,1.78089798504,0.461538461538,0.266469355011
845b2de1c8061971c773cca77385837e,2.2320950967,1.79083795797,0.461538461538,0.360801212294
e8a28d7100850ae770fd9f7b63540356,1.49950682228,2.62667247369,0.266469355011,0.421325044235
8293df4b8ee605647107e3a32f759b98,1.64262742339,2.33572714626,0.360801212294,0.486504255411
9c2133ae95fa4c2c99edf335a78a5b45,2.03809866146,1.90297182721,0.421325044235,0.498518515262
d358b6afea7d16ce37626bf41b343c3b,1.86528548507,1.94297399082,0.461538461538,0.421325044235
e08378b32716aa70a9481f1325fe0568,1.92768678248,2.66469355011,0.461538461538,0.360801212294
37e8b4043e42269fc1e781676013a85a,1.07141448286,2.81374479356,0.266469355011,0.360801212294
1378bcfb78af8b9f24ed0bd0ad25fcc7,1.74735641409,2.74131225865,0.360801212294,0.421325044235
23ac03280e5e1f495f33a4a60ae630e7,1.90607872206,2.0953597649,0.421325044235,0.486504255411
758a1d1ad5f2af4ed938be2eca19daec,2.21346070307,1.48762150814,0.498518515262,0.486504255411
2fe53ff8830b95d458af9ddd77fa5ffa,1.33234677505,0.0,0.266469355011,0.0
c5b1dc223a9e607b50b58cb945ac24e2,1.32789819243,1.53846153846,0.486504255411,0.486504255411
0d63ac1dc24f95556fcb5f827cdee9bc,1.89985985157,2.05544449475,0.421325044235,0.498518515262
4bd0a5c34cff276e2fde6916c774e811,1.91536916892,1.61721508013,0.421325044235,0.486504255411
22f8d86199deff9eb31aff659965236f,0.923076923077,2.37092846268,0.360801212294,0.498518515262
fff33d0c998cf4c68e139d79db365c0e,1.56136793309,1.8235799371,0.461538461538,0.421325044235
7cb5fa0c36a1c86966b899b5647cb660,1.42255707761,2.34078831611,0.0,0.421325044235
53dd7de874e0999634c28cdd94d21257,1.44320484918,2.55588426551,0.0,0.461538461538
511b64548a053b065a29732720a28c50,0.890448992522,2.76923076923,0.0,0.0
2b57c14622c76f86695b02a49eb07f4f,1.24985206225,2.60631913017,0.0,0.486504255411
fbf4562f4359d4524ab6378be9d36e82,1.59881613006,1.15127919593,0.266469355011,0.421325044235
63f0135cbb7c10dd915b5b71fe8ab317,2.17026707379,2.16207220347,0.421325044235,0.486504255411
fefc187951ec1dcbb661339ac5940e32,1.90297182721,1.46759877141,0.461538461538,0.266469355011
35652bdddb347b5a15c4ccfb6932fba3,2.05256370217,1.70276489394,0.461538461538,0.461538461538
8ce3eacbc5b48bfd16f58c49603f40c2,1.04909089977,2.84511415522,0.0,0.266469355011
a06a495b2962b3ee878ec731eace40d6,1.04909089977,2.4997041245,0.0,0.266469355011
06ba37efd540ad5b9671fd64332547c3,1.7269187939,2.01767339209,0.360801212294,0.461538461538
33b1b43b88335786b854ca9235ce07e9,0.835598499323,2.91902553246,0.0,0.0
92f996e600c329164592777e866f376b,1.3931361751,1.48762150814,0.266469355011,0.421325044235
27b5dfdfb1af60f41b587bd3a9072376,0.0,2.99111109157,0.0,0.0
296d490c636085b300462b443e0b9153,1.15127919593,2.79051648419,0.266469355011,0.360801212294
f412e1e89f476ab3bca00189f6f9b7e6,1.26864788481,1.99407406105,0.486504255411,0.421325044235
632c141767f028617fe9ada43f12b2d6,1.3931361751,2.99111109157,0.0,0.0
1a1f6cfa8cf78704ae98f19c6c500cf7,1.65697378681,2.71310647516,0.266469355011,0.421325044235
25a36a29b8c4b6d8cbd53df1698f2d88,1.44729905556,2.21346070307,0.266469355011,0.266469355011
5e2ef5473cbbdb335f6d51dc57845437,1.23076923077,2.75852631954,0.266469355011,0.421325044235
97fd17d25cddbe4f97a826c84157a4d7,1.86211052876,2.24794449172,0.421325044235,0.486504255411
b2dbba9eedc3a55229df3fa0388275ac,1.96718643885,2.4300875383,0.461538461538,0.498518515262
bdba9dab83565454018453ce39e6b7bd,0.948371385072,2.99111109157,0.0,0.0
024403b784410abd4487da39ed30cd8f,1.77424039918,2.31537183743,0.360801212294,0.461538461538
982170d777bb52e0c1f96000c8f017bf,1.2917581249,2.34835961884,0.266469355011,0.486504255411
e24994590443d60449ee2f8bd6638528,1.5423028966,2.49733585858,0.266469355011,0.486504255411
f782f81d536c020ed2984e022cf6b3cb,0.0,0.948371385072,0.0,0.0
0d07d1bdf62dd9e064da21e773210d47,1.67119699865,2.55356810349,0.360801212294,0.461538461538
c20bcf0beae346c91532ea6938f6b3a6,1.38461538462,2.36593176911,0.0,0.486504255411
5ecf2ef6f388634e79e376ee38abc4ba,0.821313711695,2.24794449172,0.266469355011,0.498518515262
cb9ddb0edde1205fd52326342c78abfd,1.40582052942,2.81794755139,0.0,0.360801212294
f9d1dc724158e6c29ff0c2f6e46fdc75,1.97918158927,2.17026707379,0.421325044235,0.498518515262
f9b4295d2ae11b0c731325142081d682,1.43909899491,2.73266456436,0.0,0.421325044235
3395de8b469ebabc35983e3bf4725f85,1.15127919593,2.52795026541,0.0,0.0
153621d3f8c4f9699d92856ed67d46fc,2.06978831493,1.9851519847,0.461538461538,0.461538461538
1e9d27b1a8cb72e3471fad56b27bfc01,1.56892908111,2.59722200248,0.360801212294,0.461538461538
0f508344965c16824decb82e6cbae471,2.05832125542,2.6176460811,0.486504255411,0.461538461538
4413f588f32dcd3ca9af87ae8e05b9fe,1.59139698966,2.52560848606,0.360801212294,0.421325044235
b1a95f03bf2f57e20c199b57c9b4a625,1.59881613006,2.46634146798,0.360801212294,0.360801212294
a28caff088cc41594ea51238500e9881,1.2917581249,2.52795026541,0.0,0.0
295ecebd10c6e61dd4501289690d322a,1.49555554579,2.86996278557,0.266469355011,0.266469355011
59cfc13c43842be7d9ce10fe947f05fe,1.63902121174,1.70970082853,0.360801212294,0.461538461538
7f14e403733e30c445584ee41f23a4b7,1.78089798504,2.40561473402,0.360801212294,0.498518515262
51b3196c766832635eb589b98da2d782,1.624516314,2.26629536349,0.461538461538,0.498518515262
5496800d1ae42c3b7d447135deabaea8,1.06587742004,2.4300875383,0.0,0.421325044235
d6f6d7b9c8325db3f0bd3640e02fe080,1.65697378681,2.06119400107,0.360801212294,0.486504255411
933ea4eea30ff4f46a085095edf1ff0b,0.842650088469,1.32789819243,0.486504255411,0.266469355011
005a79ef2f58997b37765b1973590449,1.64262742339,2.14282896572,0.0,0.498518515262
5e7aa23d0b0e2a43bfd8bdaa9328fc54,1.7709022205,2.39081081045,0.360801212294,0.498518515262
33c5887fe4e5a673b3700c5b755af8fb,1.86211052876,2.33825910055,0.421325044235,0.498518515262
7f97a68869a372dd259b09a01f297457,1.44320484918,2.64463283656,0.0,0.461538461538
2279316c51a3945e9075bef975af820a,1.89985985157,2.60177454235,0.421325044235,0.461538461538
8588d421ab0504cc02dec1555d5e37e9,1.95511769648,1.8235799371,0.461538461538,0.421325044235
4b8eb68442432c242e9242be040bacf9,1.7166087388,1.24985206225,0.421325044235,0.486504255411
e799cd4756cec2975578b17ef8f185dd,1.79083795797,2.30769230769,0.421325044235,0.498518515262
9ff7ca7b2c9e53902ac956da5cb5bcda,1.78089798504,1.64262742339,0.498518515262,0.486504255411
05f476c6f043a73f83f3e4dd3003246a,1.68880756924,2.0438969624,0.421325044235,0.461538461538
04a1b8326c6f53901d829b7f6bf7596d,1.8235799371,2.2922560655,0.360801212294,0.461538461538
31f21a5fc1cab61e4d46a61a4795681e,1.56136793309,2.52560848606,0.360801212294,0.421325044235
140ef1f57652ab448b0a6ed1e00424a4,1.5423028966,2.4997041245,0.266469355011,0.266469355011
1fb2b6237d9c4340bdaa8d916d74a108,1.77757230897,2.09818179954,0.421325044235,0.486504255411
460f5f8534389ad1ee6f628d1fef61b7,1.87477809338,2.91902553246,0.461538461538,0.266469355011
cc3f783fd6b343febbeb34587ce107fa,1.76084971419,2.64463283656,0.360801212294,0.461538461538
8711bd6d53598bcc9a1cf621e7d0a444,1.53846153846,2.80109868554,0.0,0.421325044235
0481834544f199847931406282574200,1.3931361751,2.59037819084,0.0,0.461538461538
a4caaf759968695bad348a85fcdb776b,1.99407406105,2.33825910055,0.486504255411,0.498518515262
edf1823fac863dd1eef9fadd997b4d1b,2.14282896572,1.64622573531,0.360801212294,0.421325044235
12728df59b9c3a421702ed15d45baf2f,1.81381940347,1.59881613006,0.266469355011,0.360801212294
301142fe06ab30d62349bdaf6807185e,2.48546068022,1.43498139278,0.498518515262,0.360801212294
46546a09e6634e3c286683927cd3693e,1.91536916892,2.16753889286,0.421325044235,0.461538461538
29159b6fc328e83f1156fd0747c0be9f,1.47564046871,1.51129866957,0.266469355011,0.498518515262
65af7f68bce236f6bfd9d89155271d1f,1.65697378681,2.52795026541,0.421325044235,0.486504255411
f8164651fae111863944615c424632f9,1.59881613006,2.88230676849,0.0,0.266469355011
2dc8d3a917b12e65d4695e2277dd4943,2.27151124004,1.68530017694,0.498518515262,0.266469355011
0244fbab306479a448862eb56867cf39,1.33234677505,1.32343465647,0.266469355011,0.266469355011
1017849ad392fea91f593841da3ca41e,1.32789819243,2.73049836143,0.0,0.266469355011
9313bae9aef4e389bcae1d11b0e574c7,1.33678055361,2.7563804411,0.0,0.360801212294
6dd99b36c17d7056893c52b9454baaa9,1.32343465647,0.997037030524,0.266469355011,0.498518515262
e1437a71491602d6dca4e61dbe36e37a,1.92768678248,2.14282896572,0.421325044235,0.461538461538
ac43c6ce2f9df4adfbb05edd97cecbcc,1.60988073357,2.91902553246,0.0,0.0
80f296f2debc2e9d29c48a36146644c0,0.769230769231,2.86790028959,0.0,0.360801212294
defb41190ce58a848b0982ab6e461f4d,1.74735641409,2.72833043861,0.266469355011,0.421325044235
879da4515a6d101c975e3840b78c04b7,1.86528548507,2.32047740446,0.360801212294,0.498518515262
440627b3f9d108e6e9edbd1f5d375ea4,1.82033224095,1.69230769231,0.498518515262,0.486504255411
8565a1adf987304938ef97eea24031dd,1.86528548507,2.0,0.421325044235,0.486504255411
8094583659e8582076f0127c7f9733a3,2.06119400107,2.2922560655,0.486504255411,0.498518515262
af2e787593d1e886b345a9ccd0ee140d,1.34999452114,1.44320484918,0.498518515262,0.266469355011
a5e39691618f257bb36195a40e667e4b,1.81381940347,2.40315374643,0.461538461538,0.498518515262
0693f5e1c570d9678523c41e03aae3ab,1.67119699865,2.43738146427,0.360801212294,0.486504255411
dfe3eb8689c65fee3fd2667a24a86d3b,0.960768922831,2.99111109157,0.0,0.0
dce03143ae9fa802e7b29a92029b5776,1.85574432028,2.55819833051,0.360801212294,0.461538461538
7496c5cf25b396404f8c91a38a81258c,1.69230769231,1.84615384615,0.421325044235,0.486504255411
e0f30fa6bd9ae762ca439c9e38cb56c6,1.68880756924,2.27411469217,0.266469355011,0.498518515262
40433072a26bba517069ee55634ebf4f,2.05256370217,1.79743406855,0.486504255411,0.421325044235
4057f53bdd70c3c00fbaa2be55cd24b2,1.16659622216,2.62667247369,0.266469355011,0.461538461538
3dda61bec87c521a6465538887e6fb4f,1.83328850582,2.01767339209,0.360801212294,0.461538461538
083d117ce3fc4d5a02be2b466f80e8b7,2.12619614786,1.7709022205,0.486504255411,0.461538461538
1f89ca99ff3331a1a1ee2f5fe5a80ad4,1.3931361751,2.86996278557,0.0,0.266469355011
4b9f8083c79247f495c4e54cb4ceb506,2.2000537917,2.09818179954,0.461538461538,0.486504255411
63f15225626b7ccf921d5a394a350cbd,1.88736063791,2.24003381209,0.360801212294,0.498518515262
264c8e361a89be5d6c298518600dd66f,1.92153784566,2.0206039287,0.421325044235,0.486504255411
b63ba96c7cfde9b6787e3229f633edc8,0.0,2.34078831611,0.0,0.421325044235
a77796848ccfc47059c04b22476e64c1,1.45951276623,2.7065557055,0.266469355011,0.421325044235
ebffb728357b9fe2dbb3f27c32d59682,1.00883669605,2.4997041245,0.0,0.266469355011
3b9f5802b67268b30024c853183138a5,0.474185692536,2.14834462212,0.0,0.266469355011
c7425ea3ecbea3a51b5550c698be7e71,1.82033224095,1.82033224095,0.421325044235,0.266469355011
23005cd64826ea6173ef17821c6fe809,1.48762150814,2.79051648419,0.0,0.360801212294
009f302ee13b7fef6df24fb985e1d5de,1.15127919593,2.66469355011,0.0,0.266469355011
d2baa469b2c6400dea67c9a4f1d3f4df,1.44320484918,2.25844896245,0.266469355011,0.498518515262
34b491fba71fdae195cdd5bb40e6bde6,2.20542633644,1.9399261866,0.498518515262,0.486504255411
c449ce9a18153c8653fb971ab87cc297,1.7371676601,2.61312119253,0.266469355011,0.461538461538
a22bf0e8c8fc39ee172cd85c7a9b74cb,1.17669681083,2.93116290512,0.0,0.266469355011
df16ea328100109b3db20385a777d9ef,1.27330348902,2.52795026541,0.0,0.0
cdf36e58742f023020e6ae0e67d60dcc,0.266469355011,1.5876744185,0.0,0.421325044235
61c311e06d5694e7f0467d5a65e938c9,1.68178546993,2.43495258328,0.360801212294,0.486504255411
a0771f28163ade08b78c707ff1e388e2,1.36741452574,2.43495258328,0.266469355011,0.421325044235
0068a901847c2ba4097af1b022bf5262,1.32343465647,2.79051648419,0.0,0.360801212294
4c8e2c86f95ec5811ae9bd6d188a636b,1.27794213276,2.80109868554,0.266469355011,0.421325044235
6f09cb86a16f3284e07a18a5566d7da9,1.3931361751,2.91902553246,0.0,0.0
47f3a56931e925d884f681b223bd52fa,1.82033224095,2.46394113508,0.421325044235,0.486504255411
025943df23acf5d3863b35fa6e0d79ec,1.04909089977,2.21346070307,0.266469355011,0.498518515262
6d4ecd79fd8a64039ecbfcce36019218,0.360801212294,2.99111109157,0.0,0.0
86ebbe721e7cf9ef32b7bae0fb669f62,0.99108451744,2.54660697804,0.0,0.360801212294
53b8f0a4122f5af974d17233112e4989,0.0,1.73034182757,0.0,0.0
844051a69006e471f7c9c8e6530b4216,1.32343465647,2.03228381748,0.266469355011,0.461538461538
1e5ae301072c15e0d2bb15d4f9dea772,2.05256370217,2.27411469217,0.461538461538,0.498518515262
0c95f393969273000952d0230c599561,2.0206039287,1.57645396399,0.498518515262,0.266469355011
dc8e81bdcd284af2c004cf66c98ca081,0.799408065032,2.55819833051,0.0,0.461538461538
f80294b14d6f36b17b92366ed6756088,2.16207220347,2.0438969624,0.461538461538,0.498518515262
9164f49f07157c2528ef4de920b9fb05,1.00883669605,2.05832125542,0.360801212294,0.486504255411
af441e1a0db3a7a13e2a054bd382e6a1,1.49555554579,2.17843111669,0.360801212294,0.498518515262
4a56eb60ebb68200d1d948a0ada24416,1.64622573531,2.52560848606,0.360801212294,0.461538461538
11e08a9c88682aaa9c98b6b79c9a5fbc,1.83328850582,2.36593176911,0.360801212294,0.498518515262
f81d2c3accf707ae4894f6e87ac80d5c,1.82033224095,1.93687358646,0.360801212294,0.486504255411
6428a2b58ccd8fe4cd25ef1a156fcaff,1.27794213276,2.2922560655,0.0,0.266469355011
48850bff1d0c0a1d81133d01aef833d9,1.51129866957,1.68880756924,0.486504255411,0.486504255411
34bc4bc49a725f2686a5cf9c89985798,2.81374479356,1.38461538462,0.360801212294,0.0
1de74861869836f9b256d6e147483252,1.70276489394,2.05544449475,0.421325044235,0.486504255411
927aa5b14b7149f3ecbe880a37efa6c8,1.8235799371,1.54995705228,0.421325044235,0.360801212294
6e9cd18d33f39a58f82ae76a2cca4594,1.48762150814,2.74131225865,0.360801212294,0.421325044235
f89b0df2ed308d68bc3953cc073858f0,2.06119400107,1.7709022205,0.461538461538,0.461538461538
0a189d490f2026432f39e42a34bad2da,2.0,2.42277165354,0.461538461538,0.486504255411
458f8ff69c0846b66540ed903e1bff37,1.5423028966,2.70436858942,0.360801212294,0.461538461538
1983624035fcbe4e9b3af0ea474dbe32,1.43498139278,2.0438969624,0.266469355011,0.498518515262
b977cad86a21757755884bebfecf7dce,1.77757230897,0.696568087549,0.360801212294,0.486504255411
42422dc00b814183c0216d1ed7fb3cd9,1.40582052942,1.84615384615,0.266469355011,0.266469355011
f7f036dca7600f3b2daee78c40537735,0.696568087549,2.62667247369,0.0,0.360801212294
b01af01dc3a0e1e5068bd3e72f6ff823,2.08119219361,2.36843143359,0.461538461538,0.486504255411
a681b0c47c3314f58a2c7949f020d76c,1.74735641409,2.23739070342,0.421325044235,0.498518515262
a5f204fcb25900a014a2891aa2bd3208,1.49555554579,2.73049836143,0.266469355011,0.461538461538
f2dff5322a8260211c5cee7c3cae2cea,1.27330348902,1.73034182757,0.0,0.421325044235
ac58aa7f91f8e405a706973e07b9b9fc,2.05832125542,1.64622573531,0.461538461538,0.360801212294
3af541443f23e4c7a318004762d90149,0.721602424588,2.62667247369,0.360801212294,0.461538461538
53656889d0eefe6677081623eb5441bb,1.45951276623,2.29998713657,0.360801212294,0.498518515262
a828783200da109b9208d1e6e2326647,1.20649131857,2.16480727376,0.0,0.0
f3619206b63284d5acdf7b972942ca46,1.30995279738,2.46394113508,0.421325044235,0.461538461538
1228c0a0b435374a63b0bf2c0f5c4653,1.56136793309,2.71310647516,0.266469355011,0.421325044235
8f69c7b18470affdc3262b38addbfd8c,1.76084971419,2.51151195651,0.266469355011,0.486504255411
0c5492d0dd8873518c44eaa6947f53ef,1.51129866957,2.64686931294,0.266469355011,0.461538461538
230aa57bb0b246fc849653309bc01862,1.5423028966,2.86996278557,0.266469355011,0.266469355011
696506bf3ca3b35cb15043af4bfc0f8a,2.21346070307,1.83973242202,0.486504255411,0.360801212294
6c75d00ee859f78fdf2b3e5c58503ce7,1.48762150814,2.99111109157,0.0,0.0
40bbb0da5570702dd6ff3af5e9e3aea6,1.48762150814,2.16480727376,0.0,0.0
0e95e5c0534efaa7f0a2f49ebd0b7afc,0.973008510821,2.3982241951,0.0,0.461538461538
86b6ebce19a3eadd78602daa462f3fc1,2.16753889286,2.16207220347,0.461538461538,0.486504255411
94a4d2f9a472983e84f089500335d594,1.44320484918,2.91902553246,0.0,0.0
55a98955bb274fb248539b691eb65ab4,1.2639751327,2.71310647516,0.360801212294,0.421325044235
468b6ce2c36feb6b8585bca11c8f5308,1.69230769231,2.18926914935,0.360801212294,0.498518515262
050738d2fbd0242e4661d0c50dafe386,0.0,2.99111109157,0.0,0.0
e5c74e24711fe76462a8869a33714ba0,1.60988073357,0.923076923077,0.421325044235,0.486504255411
e3522a6435b0ede552f5cd794fc3ccfe,2.66024868704,1.26864788481,0.421325044235,0.0
8ec7241bcb0d518d37b8ae475d23c443,1.34999452114,2.67134697757,0.266469355011,0.421325044235
68bd8e49436c7ab7e61b5fabe9759102,1.33234677505,2.7065557055,0.266469355011,0.421325044235
2ea2706a01737e69d849a3159801789c,1.47564046871,1.54995705228,0.421325044235,0.360801212294
4cfa7f13cc15c1525ad450bbb7e008dd,0.0,1.08240363688,0.0,0.360801212294
b663d0e47fce7439b84294c393ee287e,0.0,1.79083795797,0.0,0.421325044235
25739ad1c56a511fcac86018ac4e49bb,1.49555554579,2.84511415522,0.266469355011,0.266469355011
eb8606c8eb9bb0b9f5773f6a87e3b557,1.7371676601,1.86211052876,0.360801212294,0.486504255411
f1fcd0402ed8ea061fdeb9eba73f9428,1.90607872206,2.24003381209,0.421325044235,0.498518515262
4e7d830cb844af0c80d33489508c7ce0,2.24794449172,2.03228381748,0.498518515262,0.421325044235
9cdf6296182272499f5b757706d642fe,0.575639597965,2.55356810349,0.0,0.461538461538
4eacf1ab0bb2fd759b8f0df1e8401994,1.81381940347,2.55588426551,0.360801212294,0.421325044235
69579b5421820bcb6caa679ceed88e5e,1.14612803275,2.59722200248,0.266469355011,0.486504255411
f9f82b1976bb238f180944268a19cd82,1.21626063853,2.55588426551,0.0,0.360801212294
31c98153d86e87bcbc289b92198d621a,1.32789819243,2.91902553246,0.0,0.0
33a82ca725766705c61a2f8d911aff41,1.49555554579,2.1973625934,0.0,0.360801212294
631a65695bc12bdf59eb2b180450669f,1.76084971419,2.64463283656,0.266469355011,0.421325044235
6cbaad1efc258b64fb0eb02ece9e20ec,1.60988073357,2.50679549797,0.266469355011,0.360801212294
c5f9eb99b4e324d2f1cd4a67d243ba40,1.5876744185,2.57663603453,0.266469355011,0.461538461538
cb69c5d254b4e1b3f08914e877cc1b80,1.5423028966,2.09818179954,0.266469355011,0.461538461538
3474b26dda5870ad30b4823267b4ffa4,1.63902121174,2.67134697757,0.360801212294,0.461538461538
ae8f87a7545459c8a760f7ee3c57e3ad,1.69230769231,1.68880756924,0.498518515262,0.486504255411
1efae9fa0427af1bc2c32c1693ac5a6b,2.15384615385,1.90297182721,0.486504255411,0.421325044235
ae754366e75c547c4150b5732fc272d6,2.14834462212,2.0206039287,0.461538461538,0.498518515262
c026b84e8f23a7741d9b670e3d8973f0,1.7709022205,2.68460436409,0.360801212294,0.461538461538
1e76721319141b58f0bc2a3fef931d6e,0.721602424588,2.8430336327,0.0,0.360801212294
cc865517bdfc45b0986ffee5dc1a56c5,1.34999452114,1.73375810301,0.266469355011,0.461538461538
14df2806bbcb8507745bd08aec52a197,2.13452875777,1.90607872206,0.486504255411,0.461538461538
b2ba9d8e532d1fca8fbd99fe65f538bd,1.80400606147,2.05832125542,0.421325044235,0.486504255411
f26af7b4311c023c9080bf7b87f31376,1.57645396399,2.46873946706,0.360801212294,0.486504255411
a044f39682bffb6891a900fdfb64176c,2.08119219361,2.42277165354,0.461538461538,0.498518515262
8adfd6e966efca488c8fd405ce46fd6a,1.60988073357,2.55819833051,0.360801212294,0.461538461538
a639c16f80a46be27fe34623e16f22ba,0.0,2.58809289866,0.0,0.486504255411
5c32b373edf2abdb67feb0c76475db37,1.65697378681,2.16480727376,0.266469355011,0.498518515262
ccb7abb3ddc96551ef7256372db7c871,1.73034182757,1.82033224095,0.421325044235,0.360801212294
7cad643081408435dbff32dbfbcbd146,1.33234677505,2.16753889286,0.0,0.461538461538
b5e874ab271eec2ec6eb48da94449767,1.33234677505,2.60631913017,0.0,0.486504255411
b7fed1934cc4fbbcbc9935ad428a7aaf,2.43495258328,1.38888231425,0.421325044235,0.0
f9073f349136d85e619f5727b3b74dcb,2.10662522117,2.33825910055,0.486504255411,0.498518515262
16d95754e6dae210d3cc1d876ece2927,1.7269187939,2.3584168795,0.266469355011,0.486504255411
48ce4d0b9e529149b24331c795b18d9f,1.14612803275,2.1838568564,0.0,0.498518515262
75c1a6a0b360df9c9f34cad7090ed8ea,1.60988073357,2.25844896245,0.421325044235,0.486504255411
6bf17e1f003bad60c1d63ceeb31df602,1.32789819243,2.63566795369,0.0,0.461538461538
c04a6f17e133ad5bbe31903ff149d827,1.33678055361,2.4300875383,0.266469355011,0.421325044235
e6668b714cd5fafdce17458166f467fc,1.64622573531,2.43252127705,0.0,0.486504255411
6b30bec55a98e5c6cbf33d11a1be0405,1.33678055361,2.4997041245,0.266469355011,0.486504255411
2272aeb3cc1dd8ed1e6a022b951c4c3a,1.83328850582,2.27151124004,0.266469355011,0.498518515262
e6d75bb1013c52f352697bed101b9b09,1.59511087333,2.37092846268,0.266469355011,0.498518515262
c36197bbbe89af3c0eba46270ae79f61,1.32789819243,1.5876744185,0.0,0.421325044235
63dd33373af8601e0843e98dd0257f18,1.70276489394,2.11783075353,0.421325044235,0.461538461538
214803595835291a337a3d3b30c6c19b,2.36843143359,1.87477809338,0.498518515262,0.461538461538
327c09c94e00a6b2d5f9e734011e3fa8,2.10662522117,2.2188007849,0.421325044235,0.486504255411
477f569c93c56e30359515c7df7f779b,1.63540704811,2.40561473402,0.266469355011,0.498518515262
1609c05d1d757556c9ac6157643fd8c7,1.46759877141,1.60988073357,0.266469355011,0.498518515262
e1fdd37280c0ebf2f97b7edb4aa6f5c2,1.16659622216,2.14834462212,0.266469355011,0.266469355011
d8b4a0c9469066f7310dc66ddf3610c7,1.32789819243,2.74993275873,0.266469355011,0.421325044235
5e1788cd2cce09d8780d44c81a862e19,1.18671143235,2.38089039085,0.0,0.498518515262
62273f89f667fa899f1e893a9132b527,1.44320484918,2.68460436409,0.0,0.461538461538
77387e1183661fa1598c64c7f7fb92d7,0.0,1.38461538462,0.0,0.498518515262
e27b9a22728a37fa09a5c6464e14d243,2.4300875383,1.32343465647,0.498518515262,0.266469355011
a357f276a0c5ac1fe1bbf83b874a8011,1.38888231425,2.37092846268,0.266469355011,0.498518515262
3995c32953865b5a52551a8b30c1a70e,1.5423028966,2.91902553246,0.0,0.266469355011
1cc682fd64dfd7e0737f6fe7ee4c76ec,0.929465074892,2.25844896245,0.0,0.498518515262
3e7fdf37b2930d7804651b590ed02e72,1.33234677505,1.59511087333,0.266469355011,0.360801212294
e886c040406598c4f0020fc09a3e6a07,1.59139698966,2.57663603453,0.266469355011,0.421325044235
312a8b4385b84b843bd1c6ce89d7bee4,0.0,2.3982241951,0.0,0.461538461538
226d2a1496c92d07c0d285956ff889df,1.79743406855,2.76281307632,0.360801212294,0.360801212294
099cd99056bf92e5f0e384465890a804,1.49159380228,2.81374479356,0.266469355011,0.360801212294
6c02cc5320925d5d463b7decdaf48deb,1.68880756924,2.37092846268,0.360801212294,0.498518515262
9338c3a5de1587c389f4c92057354248,1.59881613006,1.79083795797,0.360801212294,0.461538461538
66a5c1707de816c3e664a27bf3e50bd7,1.42255707761,2.66469355011,0.0,0.266469355011
c0f6edcbd95479e06c6a323036bca753,1.1409536134,2.53729576961,0.0,0.498518515262
93ecb976bd21dcc6d4174b5b79cd6067,1.59511087333,1.94601702164,0.266469355011,0.461538461538
023406156015ef87f99521f3b343f71f,1.06587742004,2.60631913017,0.0,0.486504255411
66b484123586948684073ebfa7398f18,1.42255707761,2.99111109157,0.0,0.0
78185a5389286a768dfab5b9688a3aa2,1.94601702164,2.11223541811,0.461538461538,0.498518515262
3f104b3c6a1d07f119711e985717ec2f,1.94297399082,2.43252127705,0.461538461538,0.486504255411
ef23e0c3a6916bbc9cf202edd1c40c7d,2.03228381748,2.05832125542,0.461538461538,0.461538461538
1339f978614ff19cd48f07e5420556d4,2.05544449475,1.73375810301,0.461538461538,0.421325044235
b79593426f5360c38beacd2a940b5f22,1.7709022205,2.51621957443,0.421325044235,0.486504255411
91af1118883651c020074ce8524a5813,1.87477809338,2.11783075353,0.360801212294,0.498518515262
6392ef7a5910d918327e7121b821bcc1,1.32789819243,2.50679549797,0.0,0.461538461538
2ca5c3896581bcd0c71bc7fe1a509d35,1.32343465647,2.2188007849,0.0,0.498518515262
54ec1eb4dc218e3bf74c7fa4470fc308,1.07692307692,2.10662522117,0.0,0.421325044235
d9414040251205b07b4d45265fbd5285,1.44729905556,2.99111109157,0.266469355011,0.0
feadd85d6e72634df7245be306f0bb10,1.5423028966,2.91902553246,0.266469355011,0.266469355011
f1ef9cb117031f1d044200caf60d0fef,1.7371676601,2.51621957443,0.266469355011,0.486504255411
d16345cdc87d46279cf658c3f1146b84,1.68178546993,2.11783075353,0.486504255411,0.486504255411
bebb1a34691e1ec3abbecc469760371e,1.30995279738,2.66469355011,0.266469355011,0.266469355011
aa23b111abed5ba5012bc20025e29acb,1.38461538462,1.68880756924,0.461538461538,0.266469355011
57961a108593932fa6813e1c686767e2,2.03228381748,2.13452875777,0.461538461538,0.498518515262
6a070657718f1a71120698b3b4515504,0.910166120477,2.78839522468,0.0,0.360801212294
7fc7e41737fafcb0cb54ad48b9a0bb05,2.3982241951,1.38033526499,0.266469355011,0.0
0b9640ce01848073f52f35f1fb3526e4,1.77757230897,2.08970426265,0.360801212294,0.461538461538
041c880d5795d2d5ff65d08a46e3bb3a,1.624516314,1.97918158927,0.360801212294,0.461538461538
92d000cd5bf9f2baf348f653de05499d,1.3931361751,2.93116290512,0.266469355011,0.266469355011
753183befbc5ac3ee7a8e31692eebcbe,1.76084971419,2.67356110723,0.360801212294,0.421325044235
1a48c7d3bae503ba640b444fc15fe2c3,1.27794213276,2.82423996164,0.0,0.360801212294
86808e6133218c33ba294fc68427d9f2,1.2639751327,2.76923076923,0.0,0.0
9da78dba7cc63245c48a0ea41901163c,1.00883669605,2.00590843237,0.0,0.461538461538
5baf9773c83d37dcfdc5217e419f0101,1.48762150814,2.33825910055,0.360801212294,0.486504255411
1a59440be0c963b762540f996d236ff0,1.26864788481,2.84511415522,0.0,0.266469355011
6763036f58bc62455b19105707bd617a,1.7166087388,2.68460436409,0.266469355011,0.461538461538
eab94970463ab5c751bd26fbd71699f9,1.56136793309,2.86996278557,0.266469355011,0.266469355011
61dfd882204789d7d0f70fee2b901cef,1.7269187939,1.63902121174,0.360801212294,0.461538461538
d8053444e331f15b1505e999d99887fb,0.948371385072,2.73049836143,0.0,0.266469355011
093d53a67820a96f0e2c70af0925f958,1.13575562002,2.76923076923,0.0,0.0
dffb4c833001c9d3816f55b2828191c8,0.721602424588,2.82842712475,0.0,0.360801212294
efbbfd2611307e97bd36298b2fce2a02,1.38888231425,2.63117405792,0.266469355011,0.461538461538
00a9da6a72cf2c85bcc0283c785898e4,1.32789819243,2.4997041245,0.0,0.266469355011
559b00cb25bd60d04582508a4efee203,0.532938710021,2.73266456436,0.0,0.421325044235
9a4d4473693a5e5f068562fd3aed40f4,1.38888231425,1.92768678248,0.0,0.461538461538
39d86b4bf80ae6168a2aa7f237d541ea,1.24034734589,2.99111109157,0.0,0.0
920b79c2b63b6a21c288d2cbe4c2afd7,1.93687358646,1.89674277014,0.266469355011,0.486504255411
af4241e762d070af6d3fe39c4b1d9a9f,0.0,2.91902553246,0.0,0.0
cf05d76b4867367be1f7bbd2be9232c7,1.64622573531,2.18926914935,0.266469355011,0.360801212294
2164953eb98b7b501f55f275fc3e1989,1.70276489394,2.14282896572,0.421325044235,0.486504255411
fa8ec9509cd86bd34f1b3841dae312c8,1.79083795797,2.16207220347,0.360801212294,0.498518515262
0c2fed57ed445d5431196bbabd0d65f6,1.86211052876,2.86996278557,0.266469355011,0.266469355011
